Draft Year,Nationality
2022,SK
2022,SK
2022,US
2022,CA
2022,SE
2022,CZ
2022,CA
2022,AT
2022,CA
2022,RU
2022,CA
2022,CA
2022,US
2022,US
2022,SE
2022,SE
2022,FI
2022,CH
2022,SE
2022,RU
2022,CA
2022,CA
2022,US
2022,RU
2022,US
2022,SK
2022,SE
2022,CZ
2022,CA
2022,FI
2022,US
2022,CA
2022,CA
2022,US
2022,CA
2022,RU
2022,US
2022,CA
2022,CA
2022,CA
2022,FI
2022,CA
2022,DE
2022,CA
2022,SE
2022,US
2022,CA
2022,CZ
2022,FI
2022,CA
2022,US
2022,RU
2022,CA
2022,CA
2022,SE
2022,CA
2022,CA
2022,FI
2022,FI
2022,RU
2022,CA
2022,US
2022,SK
2022,SE
2022,SE
2022,US
2022,FI
2022,CA
2022,US
2022,RU
2022,RU
2022,SE
2022,FI
2022,RU
2022,AT
2022,US
2022,RU
2022,US
2022,CA
2022,SE
2022,CA
2022,CA
2022,CA
2022,FI
2022,SE
2022,CA
2022,CZ
2022,CA
2022,CA
2022,US
2022,US
2022,SE
2022,CZ
2022,CA
2022,CA
2022,CA
2022,CA
2022,CA
2022,US
2022,CA
2022,SE
2022,CA
2022,US
2022,CA
2022,SE
2022,CA
2022,CA
2022,CA
2022,RU
2022,RU
2022,US
2022,CA
2022,CA
2022,CA
2022,CA
2022,CA
2022,US
2022,RU
2022,LV
2022,RU
2022,US
2022,SE
2022,CA
2022,US
2022,SE
2022,US
2022,CA
2022,CA
2022,SE
2022,CA
2022,CA
2022,CA
2022,US
2022,RU
2022,RU
2022,CA
2022,CA
2022,RU
2022,CA
2022,CA
2022,CZ
2022,CA
2022,US
2022,CA
2022,CA
2022,CA
2022,RU
2022,FI
2022,CA
2022,DE
2022,SE
2022,CA
2022,US
2022,US
2022,CA
2022,RU
2022,LV
2022,SE
2022,US
2022,US
2022,RU
2022,CA
2022,PL
2022,US
2022,US
2022,CA
2022,CA
2022,SE
2022,US
2022,US
2022,CZ
2022,US
2022,US
2022,CA
2022,SE
2022,US
2022,CA
2022,RU
2022,US
2022,CA
2022,CA
2022,US
2022,CA
2022,CA
2022,SK
2022,CA
2022,SE
2022,SE
2022,US
2022,RU
2022,US
2022,US
2022,US
2022,FI
2022,CA
2022,CA
2022,FI
2022,RU
2022,FI
2022,CA
2022,CA
2022,SE
2022,US
2022,SK
2022,RU
2022,CA
2022,CA
2022,RU
2022,CA
2022,US
2022,SE
2022,US
2022,CA
2022,CA
2022,CA
2022,CA
2022,US
2022,CA
2022,US
2022,CH
2022,US
2022,FI
2022,CA
2022,LV
2022,BY
2021,CA
2021,US
2021,CH
2021,US
2021,CA
2021,SE
2021,SE
2021,CA
2021,CA
2021,US
2021,US
2021,US
2021,SE
2021,CA
2021,CA
2021,CA
2021,US
2021,RU
2021,SE
2021,SE
2021,CA
2021,CA
2021,US
2021,CA
2021,CA
2021,CA
2021,SE
2021,US
2021,CA
2021,CA
2021,CA
2021,RU
2021,CA
2021,CA
2021,US
2021,US
2021,RU
2021,CA
2021,US
2021,BY
2021,CA
2021,RU
2021,FI
2021,SE
2021,FI
2021,CA
2021,RU
2021,CA
2021,RU
2021,FI
2021,FI
2021,RU
2021,US
2021,CA
2021,CA
2021,US
2021,US
2021,US
2021,CH
2021,US
2021,CA
2021,CA
2021,SE
2021,CA
2021,US
2021,CA
2021,FI
2021,CZ
2021,US
2021,SE
2021,SE
2021,CA
2021,SE
2021,CA
2021,CA
2021,CA
2021,BY
2021,CA
2021,US
2021,CA
2021,BY
2021,CZ
2021,RU
2021,CA
2021,CA
2021,RU
2021,RU
2021,CA
2021,DE
2021,GB
2021,KZ
2021,CA
2021,US
2021,CA
2021,US
2021,CA
2021,US
2021,FI
2021,CZ
2021,CA
2021,CZ
2021,CA
2021,US
2021,CA
2021,FI
2021,NO
2021,SE
2021,US
2021,CH
2021,CA
2021,CA
2021,CA
2021,US
2021,US
2021,CA
2021,SE
2021,CA
2021,CA
2021,RU
2021,CA
2021,FI
2021,CA
2021,CA
2021,US
2021,US
2021,CA
2021,SK
2021,FI
2021,CA
2021,CA
2021,RU
2021,CA
2021,SE
2021,RU
2021,CA
2021,FI
2021,CA
2021,US
2021,SE
2021,CA
2021,RU
2021,CA
2021,CZ
2021,CA
2021,RU
2021,US
2021,CA
2021,SE
2021,CA
2021,DE
2021,RU
2021,US
2021,CA
2021,CA
2021,CA
2021,FI
2021,US
2021,FI
2021,CA
2021,SE
2021,US
2021,RU
2021,SE
2021,CA
2021,CA
2021,DE
2021,CA
2021,SE
2021,US
2021,US
2021,RU
2021,CA
2021,CA
2021,CA
2021,CA
2021,SE
2021,CA
2021,CH
2021,RU
2021,US
2021,US
2021,US
2021,CZ
2021,RU
2021,US
2021,DE
2021,RU
2021,FI
2021,UA
2021,CA
2021,US
2021,CA
2021,CA
2021,US
2021,RU
2021,CZ
2021,RU
2021,RU
2021,RU
2021,SE
2021,CA
2021,RU
2021,US
2021,RU
2021,US
2021,SE
2021,US
2021,RU
2021,US
2021,US
2021,CA
2021,US
2021,CA
2021,US
2021,CA
2021,US
2021,RU
2021,SE
2021,CA
2021,CZ
2021,SE
2021,US
2021,FI
2020,CA
2020,CA
2020,DE
2020,SE
2020,US
2020,CA
2020,SE
2020,CA
2020,AT
2020,CA
2020,RU
2020,FI
2020,CA
2020,CA
2020,RU
2020,CA
2020,DE
2020,CA
2020,CA
2020,RU
2020,RU
2020,CA
2020,CA
2020,CA
2020,CA
2020,CA
2020,CA
2020,CA
2020,US
2020,CA
2020,CA
2020,SE
2020,FI
2020,DE
2020,SE
2020,US
2020,RU
2020,US
2020,CA
2020,SE
2020,SE
2020,CA
2020,SE
2020,US
2020,US
2020,US
2020,US
2020,CZ
2020,RU
2020,SE
2020,FI
2020,RU
2020,SE
2020,US
2020,GB
2020,US
2020,US
2020,FI
2020,CA
2020,RU
2020,CA
2020,CA
2020,FI
2020,CA
2020,FI
2020,US
2020,CA
2020,RU
2020,FI
2020,FI
2020,CA
2020,CA
2020,US
2020,CA
2020,RU
2020,SE
2020,SK
2020,US
2020,US
2020,US
2020,FI
2020,US
2020,DE
2020,RU
2020,US
2020,CA
2020,SE
2020,US
2020,SE
2020,US
2020,SE
2020,CA
2020,CA
2020,CA
2020,RU
2020,US
2020,CA
2020,CZ
2020,CA
2020,SE
2020,US
2020,CA
2020,AT
2020,CA
2020,RU
2020,CZ
2020,US
2020,US
2020,CZ
2020,US
2020,CA
2020,US
2020,FI
2020,SE
2020,US
2020,RU
2020,CA
2020,US
2020,CA
2020,US
2020,CA
2020,US
2020,US
2020,SE
2020,US
2020,CA
2020,SK
2020,RU
2020,RU
2020,CA
2020,CA
2020,SE
2020,US
2020,CA
2020,CZ
2020,RU
2020,RU
2020,US
2020,US
2020,CA
2020,US
2020,CA
2020,US
2020,NO
2020,CZ
2020,CA
2020,US
2020,LV
2020,US
2020,US
2020,CA
2020,FI
2020,SE
2020,SE
2020,CA
2020,US
2020,CA
2020,CA
2020,SE
2020,AT
2020,BY
2020,CA
2020,CA
2020,CA
2020,CA
2020,SE
2020,FI
2020,SE
2020,US
2020,RU
2020,CA
2020,SE
2020,CA
2020,RU
2020,SE
2020,FI
2020,CA
2020,CA
2020,US
2020,CA
2020,US
2020,FI
2020,US
2020,CA
2020,RU
2020,US
2020,CA
2020,US
2020,FI
2020,SE
2020,SE
2020,SE
2020,CA
2020,US
2020,CA
2020,SE
2020,SE
2020,RU
2020,SE
2020,CZ
2020,US
2020,US
2020,CA
2020,BY
2020,SE
2020,CA
2020,CA
2020,US
2020,RU
2020,SE
2020,CA
2020,CA
2020,FI
2020,RU
2020,CZ
2020,US
2019,US
2019,FI
2019,CA
2019,CA
2019,US
2019,DE
2019,CA
2019,SE
2019,US
2019,RU
2019,SE
2019,US
2019,US
2019,US
2019,US
2019,CA
2019,CA
2019,US
2019,FI
2019,FI
2019,CA
2019,SE
2019,SE
2019,CA
2019,CA
2019,CA
2019,US
2019,CA
2019,CA
2019,US
2019,US
2019,US
2019,UZ
2019,US
2019,FI
2019,RU
2019,DK
2019,CA
2019,US
2019,SE
2019,CA
2019,RU
2019,US
2019,CA
2019,RU
2019,US
2019,US
2019,RU
2019,CA
2019,SE
2019,SE
2019,BY
2019,US
2019,US
2019,CA
2019,CA
2019,CA
2019,SE
2019,CA
2019,SE
2019,RU
2019,DE
2019,CA
2019,SE
2019,CA
2019,SE
2019,SE
2019,US
2019,CZ
2019,BY
2019,SE
2019,US
2019,FI
2019,CA
2019,CA
2019,US
2019,CA
2019,CA
2019,RU
2019,US
2019,CA
2019,CA
2019,FI
2019,FI
2019,RU
2019,CA
2019,CZ
2019,RU
2019,SK
2019,US
2019,BY
2019,CA
2019,CA
2019,SE
2019,AU
2019,US
2019,CA
2019,FI
2019,US
2019,CZ
2019,US
2019,US
2019,CA
2019,SE
2019,CZ
2019,CA
2019,RU
2019,RU
2019,US
2019,US
2019,SE
2019,US
2019,FI
2019,RU
2019,RU
2019,SE
2019,RU
2019,US
2019,FI
2019,CA
2019,FI
2019,CA
2019,FI
2019,US
2019,US
2019,CA
2019,CA
2019,US
2019,RU
2019,FI
2019,US
2019,US
2019,CA
2019,GB
2019,US
2019,CA
2019,US
2019,DK
2019,FI
2019,CA
2019,CA
2019,CA
2019,SE
2019,US
2019,US
2019,US
2019,CA
2019,US
2019,RU
2019,US
2019,FI
2019,RU
2019,CZ
2019,RU
2019,CA
2019,LV
2019,US
2019,US
2019,SE
2019,CZ
2019,SE
2019,CZ
2019,US
2019,RU
2019,RU
2019,US
2019,US
2019,CA
2019,CA
2019,RU
2019,CA
2019,US
2019,US
2019,RU
2019,CZ
2019,CA
2019,SE
2019,CA
2019,SE
2019,US
2019,US
2019,CA
2019,CA
2019,FI
2019,FI
2019,CA
2019,CA
2019,SE
2019,SE
2019,RU
2019,CA
2019,US
2019,RU
2019,CA
2019,US
2019,US
2019,FI
2019,RU
2019,CA
2019,SE
2019,CA
2019,CA
2019,FI
2019,FI
2019,CA
2019,CA
2019,CH
2019,RU
2019,US
2019,FI
2019,FI
2019,CA
2019,US
2019,US
2019,SE
2019,CA
2019,CA
2018,SE
2018,RU
2018,FI
2018,US
2018,CA
2018,CZ
2018,US
2018,SE
2018,RU
2018,CA
2018,US
2018,CA
2018,CA
2018,US
2018,RU
2018,CZ
2018,CA
2018,CA
2018,US
2018,FI
2018,CA
2018,US
2018,SE
2018,SE
2018,DE
2018,CA
2018,CA
2018,SE
2018,SE
2018,CA
2018,RU
2018,US
2018,SE
2018,CA
2018,US
2018,CA
2018,CA
2018,RU
2018,SE
2018,CA
2018,CA
2018,US
2018,RU
2018,SE
2018,US
2018,SK
2018,US
2018,CA
2018,RU
2018,SE
2018,CA
2018,CA
2018,CA
2018,CA
2018,CA
2018,SE
2018,SE
2018,SE
2018,CA
2018,SE
2018,RU
2018,CA
2018,CA
2018,FI
2018,CZ
2018,CA
2018,US
2018,US
2018,US
2018,US
2018,US
2018,CZ
2018,US
2018,FI
2018,SE
2018,RU
2018,CZ
2018,FI
2018,US
2018,SE
2018,CA
2018,RU
2018,CA
2018,SE
2018,CZ
2018,RU
2018,SE
2018,US
2018,US
2018,RU
2018,US
2018,CA
2018,CA
2018,CZ
2018,CA
2018,CA
2018,CA
2018,US
2018,US
2018,CA
2018,CH
2018,US
2018,US
2018,FI
2018,SK
2018,CA
2018,CA
2018,US
2018,US
2018,CA
2018,DE
2018,US
2018,CA
2018,RU
2018,US
2018,US
2018,SE
2018,CA
2018,US
2018,CH
2018,US
2018,SK
2018,US
2018,US
2018,FI
2018,CA
2018,US
2018,CA
2018,CA
2018,FI
2018,US
2018,FI
2018,CA
2018,US
2018,US
2018,CH
2018,CA
2018,US
2018,FI
2018,CA
2018,BY
2018,US
2018,SE
2018,SK
2018,CA
2018,RU
2018,SK
2018,SE
2018,CZ
2018,CA
2018,BY
2018,SE
2018,CA
2018,CA
2018,CA
2018,SE
2018,CA
2018,CA
2018,CH
2018,SE
2018,TH
2018,DE
2018,US
2018,US
2018,SE
2018,SE
2018,NO
2018,CA
2018,CA
2018,DE
2018,US
2018,CA
2018,FI
2018,US
2018,CA
2018,CA
2018,US
2018,CA
2018,CA
2018,CA
2018,CA
2018,US
2018,US
2018,US
2018,CA
2018,RU
2018,SE
2018,CA
2018,GB
2018,CA
2018,FI
2018,CA
2018,US
2018,US
2018,FI
2018,US
2018,US
2018,RU
2018,JM
2018,CA
2018,US
2018,RU
2018,FI
2018,CA
2018,SE
2018,CZ
2018,FI
2018,CA
2018,CA
2018,US
2018,RU
2018,RU
2018,CZ
2018,CA
2018,CA
2018,US
2018,CA
2017,CH
2017,CA
2017,FI
2017,CA
2017,SE
2017,CA
2017,SE
2017,US
2017,CA
2017,CA
2017,CA
2017,CZ
2017,CA
2017,US
2017,SE
2017,FI
2017,SE
2017,FI
2017,US
2017,CA
2017,CZ
2017,US
2017,CA
2017,FI
2017,US
2017,US
2017,CA
2017,CA
2017,FI
2017,FI
2017,RU
2017,CA
2017,CA
2017,CA
2017,CA
2017,SE
2017,SE
2017,SE
2017,US
2017,FI
2017,CA
2017,FI
2017,US
2017,SE
2017,FR
2017,FI
2017,CA
2017,RU
2017,CA
2017,CA
2017,CA
2017,US
2017,CA
2017,FI
2017,CA
2017,CA
2017,CA
2017,FI
2017,FI
2017,CA
2017,US
2017,US
2017,SE
2017,CA
2017,DK
2017,US
2017,CA
2017,CA
2017,CA
2017,RU
2017,FI
2017,CA
2017,CA
2017,CA
2017,CA
2017,RU
2017,US
2017,CA
2017,CA
2017,BY
2017,US
2017,CA
2017,CA
2017,RU
2017,US
2017,RU
2017,CA
2017,US
2017,FI
2017,US
2017,US
2017,US
2017,US
2017,CA
2017,US
2017,RU
2017,CA
2017,RU
2017,CA
2017,DK
2017,CA
2017,US
2017,US
2017,FI
2017,FI
2017,CA
2017,BY
2017,CA
2017,SK
2017,CA
2017,US
2017,SE
2017,RU
2017,CZ
2017,CZ
2017,CA
2017,SE
2017,CA
2017,FI
2017,CH
2017,US
2017,CA
2017,US
2017,RU
2017,RU
2017,US
2017,SE
2017,CA
2017,CH
2017,CA
2017,CA
2017,SE
2017,US
2017,US
2017,SE
2017,DE
2017,US
2017,US
2017,SE
2017,CA
2017,RU
2017,US
2017,SK
2017,CA
2017,SE
2017,RU
2017,CA
2017,CA
2017,CA
2017,CZ
2017,SE
2017,SI
2017,SE
2017,CZ
2017,SE
2017,RU
2017,CZ
2017,CA
2017,US
2017,FI
2017,CZ
2017,US
2017,CA
2017,CA
2017,CA
2017,CA
2017,SE
2017,SE
2017,US
2017,SE
2017,CA
2017,CA
2017,CA
2017,CA
2017,CA
2017,RU
2017,US
2017,RU
2017,US
2017,US
2017,FI
2017,US
2017,CA
2017,FI
2017,US
2017,FI
2017,US
2017,CA
2017,CA
2017,SE
2017,CA
2017,SE
2017,CA
2017,CA
2017,SE
2017,CA
2017,FI
2017,CA
2017,US
2017,US
2017,US
2017,SE
2017,CA
2017,CZ
2017,RU
2017,SE
2017,FI
2017,US
2017,US
2017,US
2017,US
2017,RU
2017,NO
2017,US
2017,US
2017,CA
2017,CA
2016,US
2016,FI
2016,CA
2016,SE
2016,FI
2016,US
2016,US
2016,CA
2016,RU
2016,CA
2016,US
2016,CA
2016,CA
2016,US
2016,US
2016,US
2016,CA
2016,CA
2016,US
2016,CA
2016,CA
2016,RU
2016,FI
2016,US
2016,US
2016,US
2016,CA
2016,CA
2016,US
2016,CA
2016,RU
2016,CA
2016,SE
2016,US
2016,CA
2016,CA
2016,CZ
2016,CA
2016,US
2016,CA
2016,CA
2016,SE
2016,FI
2016,CA
2016,US
2016,CA
2016,CA
2016,CA
2016,US
2016,RU
2016,CA
2016,CA
2016,CZ
2016,US
2016,SE
2016,CA
2016,SE
2016,CA
2016,CA
2016,US
2016,FI
2016,US
2016,FI
2016,US
2016,RU
2016,US
2016,US
2016,US
2016,CA
2016,CA
2016,CA
2016,US
2016,US
2016,CA
2016,CA
2016,CA
2016,CA
2016,CA
2016,CA
2016,CA
2016,BE
2016,CA
2016,BE
2016,CA
2016,CA
2016,US
2016,CA
2016,CA
2016,SE
2016,SE
2016,SE
2016,CA
2016,US
2016,CA
2016,RU
2016,SE
2016,SE
2016,FI
2016,CA
2016,CA
2016,CA
2016,RU
2016,US
2016,US
2016,CA
2016,US
2016,SE
2016,SE
2016,CA
2016,SE
2016,CA
2016,SE
2016,CA
2016,CA
2016,CA
2016,CA
2016,CH
2016,US
2016,CA
2016,FI
2016,US
2016,RU
2016,CA
2016,US
2016,CA
2016,US
2016,CA
2016,CA
2016,SE
2016,CZ
2016,SE
2016,RU
2016,CA
2016,CA
2016,FI
2016,US
2016,CA
2016,US
2016,SE
2016,CA
2016,US
2016,US
2016,DK
2016,CA
2016,CA
2016,CA
2016,SE
2016,CA
2016,US
2016,DE
2016,FI
2016,US
2016,FI
2016,CA
2016,US
2016,FI
2016,RU
2016,CA
2016,CA
2016,CA
2016,US
2016,SE
2016,FI
2016,CA
2016,SE
2016,CA
2016,SE
2016,RU
2016,US
2016,US
2016,CA
2016,CA
2016,US
2016,CA
2016,RU
2016,SE
2016,US
2016,RU
2016,CA
2016,CA
2016,US
2016,RU
2016,CA
2016,LV
2016,CH
2016,BY
2016,SE
2016,CA
2016,US
2016,RU
2016,CA
2016,CA
2016,US
2016,CA
2016,US
2016,RU
2016,SE
2016,CA
2016,SE
2016,CA
2016,CA
2016,CA
2016,US
2016,CA
2016,CA
2016,FI
2016,RU
2016,US
2016,DK
2016,DK
2016,CZ
2015,CA
2015,US
2015,CA
2015,CA
2015,US
2015,CZ
2015,RU
2015,US
2015,CH
2015,FI
2015,CA
2015,RU
2015,CZ
2015,CA
2015,CA
2015,CA
2015,US
2015,CA
2015,RU
2015,SE
2015,US
2015,RU
2015,US
2015,CA
2015,US
2015,CA
2015,SE
2015,CA
2015,SE
2015,CA
2015,CA
2015,US
2015,CA
2015,CA
2015,FI
2015,CA
2015,US
2015,US
2015,CA
2015,CA
2015,CA
2015,CA
2015,SK
2015,CA
2015,SE
2015,NL
2015,US
2015,CZ
2015,FI
2015,US
2015,CA
2015,CA
2015,SE
2015,CA
2015,RU
2015,CA
2015,CH
2015,SE
2015,FI
2015,SE
2015,US
2015,SE
2015,CA
2015,US
2015,CA
2015,CA
2015,CA
2015,LV
2015,CA
2015,SE
2015,CA
2015,CA
2015,FI
2015,RU
2015,CZ
2015,CA
2015,CA
2015,US
2015,RU
2015,US
2015,US
2015,CA
2015,SE
2015,CA
2015,US
2015,US
2015,SE
2015,CA
2015,FI
2015,SK
2015,US
2015,US
2015,CA
2015,CA
2015,SE
2015,CA
2015,CA
2015,CA
2015,CA
2015,CA
2015,RU
2015,CH
2015,US
2015,RU
2015,CA
2015,CA
2015,CA
2015,CZ
2015,SE
2015,CH
2015,CZ
2015,CA
2015,CA
2015,RU
2015,CA
2015,CA
2015,US
2015,FI
2015,SE
2015,CA
2015,US
2015,CA
2015,US
2015,CA
2015,UA
2015,US
2015,FI
2015,CZ
2015,CA
2015,LV
2015,CA
2015,US
2015,US
2015,CA
2015,RU
2015,BY
2015,CZ
2015,CA
2015,SK
2015,CA
2015,FI
2015,LV
2015,CA
2015,CA
2015,CZ
2015,US
2015,CA
2015,US
2015,US
2015,US
2015,SK
2015,CA
2015,US
2015,US
2015,CA
2015,CA
2015,CA
2015,US
2015,RU
2015,US
2015,RU
2015,US
2015,FI
2015,US
2015,CA
2015,CA
2015,DE
2015,US
2015,US
2015,US
2015,US
2015,CN
2015,CA
2015,CZ
2015,US
2015,US
2015,CA
2015,US
2015,US
2015,CA
2015,FI
2015,US
2015,SE
2015,SK
2015,RU
2015,CA
2015,CA
2015,RU
2015,FI
2015,CA
2015,SE
2015,US
2015,US
2015,CA
2015,US
2015,CA
2015,RU
2015,FI
2015,US
2015,US
2015,SE
2015,SE
2015,CA
2015,US
2015,US
2015,US
2015,CA
2015,CZ
2015,RU
2015,CA
2015,SE
2014,CA
2014,CA
2014,DE
2014,CA
2014,CA
2014,CA
2014,CA
2014,CA
2014,DK
2014,CA
2014,CH
2014,GB
2014,CZ
2014,FI
2014,US
2014,US
2014,CA
2014,US
2014,US
2014,US
2014,CA
2014,FI
2014,CA
2014,CA
2014,CZ
2014,RU
2014,RU
2014,CA
2014,SE
2014,CA
2014,US
2014,CA
2014,RU
2014,CA
2014,CZ
2014,US
2014,US
2014,SE
2014,CZ
2014,SE
2014,US
2014,RU
2014,US
2014,CA
2014,CA
2014,SE
2014,US
2014,CA
2014,CZ
2014,CA
2014,US
2014,RU
2014,CH
2014,CA
2014,CA
2014,US
2014,US
2014,US
2014,US
2014,FI
2014,SE
2014,CA
2014,CA
2014,CA
2014,FI
2014,RU
2014,CA
2014,RU
2014,US
2014,US
2014,US
2014,US
2014,CA
2014,CA
2014,CA
2014,LV
2014,US
2014,RU
2014,CA
2014,US
2014,CA
2014,CA
2014,US
2014,CA
2014,US
2014,CA
2014,SE
2014,US
2014,GB
2014,CA
2014,SE
2014,US
2014,US
2014,FI
2014,SE
2014,US
2014,SE
2014,SE
2014,US
2014,US
2014,CA
2014,CA
2014,US
2014,US
2014,CA
2014,SE
2014,CA
2014,CA
2014,FI
2014,US
2014,US
2014,SE
2014,US
2014,CA
2014,CA
2014,CA
2014,CA
2014,RU
2014,CA
2014,US
2014,US
2014,CZ
2014,US
2014,CA
2014,CA
2014,SE
2014,CA
2014,US
2014,US
2014,US
2014,CA
2014,FI
2014,CA
2014,US
2014,FI
2014,US
2014,US
2014,SE
2014,CA
2014,CA
2014,US
2014,US
2014,US
2014,SE
2014,US
2014,US
2014,US
2014,SE
2014,CA
2014,CA
2014,US
2014,US
2014,US
2014,US
2014,US
2014,CA
2014,CA
2014,US
2014,US
2014,SE
2014,CA
2014,CA
2014,SE
2014,RU
2014,SE
2014,FI
2014,CA
2014,RU
2014,CA
2014,CA
2014,US
2014,US
2014,CA
2014,SK
2014,SE
2014,CA
2014,US
2014,CA
2014,RU
2014,CA
2014,SE
2014,SE
2014,CA
2014,CA
2014,US
2014,CA
2014,CA
2014,SE
2014,CA
2014,CA
2014,US
2014,US
2014,LV
2014,SE
2014,CA
2014,SE
2014,CA
2014,SE
2014,CZ
2014,US
2014,RU
2014,US
2014,US
2014,CA
2014,CZ
2014,SE
2014,CA
2014,US
2014,CA
2014,CA
2013,CA
2013,FI
2013,CA
2013,US
2013,SE
2013,CA
2013,CA
2013,FI
2013,CA
2013,RU
2013,CA
2013,CA
2013,CA
2013,SE
2013,CA
2013,RU
2013,CA
2013,CH
2013,US
2013,CA
2013,CA
2013,CA
2013,AT
2013,CA
2013,US
2013,CA
2013,AT
2013,CA
2013,CA
2013,US
2013,US
2013,CA
2013,US
2013,SE
2013,US
2013,CA
2013,RU
2013,US
2013,CA
2013,CA
2013,SE
2013,US
2013,CA
2013,CA
2013,DK
2013,SE
2013,US
2013,CA
2013,CA
2013,CA
2013,SE
2013,US
2013,CA
2013,CA
2013,FI
2013,CA
2013,CA
2013,CA
2013,CA
2013,SE
2013,US
2013,CA
2013,CA
2013,CA
2013,CA
2013,US
2013,CA
2013,SE
2013,CA
2013,US
2013,CA
2013,CA
2013,CA
2013,US
2013,RU
2013,US
2013,US
2013,SE
2013,SE
2013,CA
2013,CA
2013,CA
2013,RU
2013,US
2013,US
2013,CH
2013,US
2013,RU
2013,DK
2013,SK
2013,CA
2013,CA
2013,CA
2013,CA
2013,CA
2013,CA
2013,US
2013,CA
2013,FI
2013,US
2013,CA
2013,SE
2013,CA
2013,US
2013,CA
2013,US
2013,CA
2013,CA
2013,CA
2013,CA
2013,SE
2013,US
2013,CA
2013,CZ
2013,CA
2013,CZ
2013,SE
2013,US
2013,US
2013,US
2013,US
2013,CA
2013,US
2013,LV
2013,FI
2013,CA
2013,US
2013,CA
2013,US
2013,SE
2013,CA
2013,CA
2013,US
2013,US
2013,CA
2013,SE
2013,CA
2013,CA
2013,CA
2013,US
2013,US
2013,CH
2013,US
2013,US
2013,SE
2013,CZ
2013,US
2013,US
2013,SK
2013,US
2013,US
2013,CA
2013,US
2013,FI
2013,SE
2013,CA
2013,US
2013,CA
2013,US
2013,CA
2013,US
2013,US
2013,US
2013,CA
2013,NO
2013,CA
2013,US
2013,US
2013,CA
2013,CA
2013,CA
2013,CA
2013,FI
2013,US
2013,CA
2013,CA
2013,FI
2013,CA
2013,CA
2013,SE
2013,US
2013,FI
2013,SE
2013,FI
2013,CA
2013,CH
2013,RU
2013,CA
2013,US
2013,CA
2013,CZ
2013,US
2013,CA
2013,SE
2013,CA
2013,CA
2013,CA
2013,CA
2013,SE
2013,CA
2013,US
2013,SE
2013,FI
2013,CA
2013,US
2013,CA
2013,RU
2013,US
2013,CA
2013,CA
2013,SE
2012,RU
2012,CA
2012,US
2012,CA
2012,CA
2012,SE
2012,CA
2012,CA
2012,US
2012,CA
2012,SE
2012,RU
2012,CZ
2012,LV
2012,CA
2012,CA
2012,CZ
2012,FI
2012,RU
2012,CA
2012,CA
2012,FI
2012,CA
2012,CA
2012,US
2012,CA
2012,US
2012,US
2012,US
2012,CA
2012,SE
2012,CA
2012,SE
2012,FI
2012,CA
2012,US
2012,SE
2012,CA
2012,US
2012,US
2012,CA
2012,US
2012,SE
2012,US
2012,US
2012,CA
2012,CA
2012,CA
2012,CZ
2012,CA
2012,CA
2012,LV
2012,US
2012,CA
2012,CA
2012,US
2012,CA
2012,CA
2012,US
2012,CA
2012,CA
2012,FI
2012,CA
2012,US
2012,CA
2012,US
2012,US
2012,US
2012,CA
2012,CA
2012,CA
2012,CA
2012,CA
2012,FI
2012,US
2012,CA
2012,CA
2012,US
2012,US
2012,CA
2012,SE
2012,CA
2012,CA
2012,CA
2012,US
2012,CA
2012,DK
2012,CA
2012,CA
2012,US
2012,RU
2012,CA
2012,SE
2012,US
2012,CA
2012,CA
2012,CA
2012,US
2012,SE
2012,US
2012,CA
2012,CA
2012,CA
2012,CA
2012,CA
2012,US
2012,US
2012,CA
2012,CA
2012,CA
2012,SE
2012,US
2012,CA
2012,RU
2012,CA
2012,CA
2012,CA
2012,FI
2012,SE
2012,US
2012,RU
2012,CA
2012,CA
2012,CA
2012,US
2012,US
2012,US
2012,SE
2012,CA
2012,US
2012,CA
2012,CA
2012,US
2012,CA
2012,CA
2012,US
2012,US
2012,DE
2012,US
2012,CA
2012,CA
2012,DK
2012,CA
2012,FI
2012,GB
2012,CA
2012,CA
2012,FI
2012,CA
2012,CA
2012,CA
2012,SE
2012,US
2012,SE
2012,CA
2012,CA
2012,CA
2012,CH
2012,US
2012,CA
2012,CA
2012,CA
2012,SE
2012,SE
2012,CA
2012,CA
2012,US
2012,US
2012,US
2012,CA
2012,CZ
2012,SE
2012,RU
2012,CA
2012,CA
2012,FI
2012,CA
2012,US
2012,CZ
2012,BY
2012,US
2012,CA
2012,RU
2012,CZ
2012,US
2012,US
2012,CA
2012,US
2012,US
2012,CA
2012,CA
2012,CA
2012,CA
2012,SE
2012,SE
2012,SE
2012,CA
2012,US
2012,CA
2012,SE
2012,RU
2012,RU
2012,RU
2012,US
2012,US
2012,CA
2012,US
2012,CA
2012,SE
2012,US
2012,US
2011,CA
2011,SE
2011,CA
2011,SE
2011,CA
2011,SE
2011,CA
2011,US
2011,CA
2011,SE
2011,CA
2011,CA
2011,CH
2011,CA
2011,US
2011,FI
2011,CA
2011,CA
2011,SE
2011,US
2011,US
2011,US
2011,CA
2011,CA
2011,CA
2011,CA
2011,RU
2011,CA
2011,DK
2011,SE
2011,CA
2011,CA
2011,US
2011,US
2011,SK
2011,US
2011,CA
2011,SE
2011,US
2011,RU
2011,RU
2011,SE
2011,US
2011,CA
2011,FI
2011,CA
2011,US
2011,FR
2011,FI
2011,SE
2011,US
2011,FI
2011,SE
2011,CA
2011,CA
2011,CA
2011,CA
2011,RU
2011,SE
2011,US
2011,US
2011,FI
2011,LT
2011,US
2011,CA
2011,US
2011,US
2011,CA
2011,
2011,US
2011,CZ
2011,US
2011,US
2011,CA
2011,US
2011,CA
2011,CA
2011,CA
2011,SE
2011,CA
2011,CA
2011,US
2011,US
2011,CA
2011,CA
2011,CA
2011,CA
2011,CA
2011,CA
2011,CA
2011,US
2011,CA
2011,SE
2011,CA
2011,US
2011,CA
2011,US
2011,US
2011,US
2011,SE
2011,US
2011,CA
2011,CH
2011,US
2011,SE
2011,CA
2011,US
2011,CA
2011,RU
2011,US
2011,CA
2011,US
2011,SE
2011,DE
2011,SK
2011,US
2011,NO
2011,DE
2011,CA
2011,SE
2011,US
2011,SK
2011,CA
2011,RU
2011,SE
2011,SE
2011,CA
2011,US
2011,US
2011,US
2011,US
2011,SE
2011,US
2011,US
2011,US
2011,CA
2011,US
2011,CA
2011,CA
2011,US
2011,CA
2011,SE
2011,SE
2011,CZ
2011,CA
2011,SE
2011,CA
2011,RU
2011,CA
2011,CA
2011,US
2011,CA
2011,CA
2011,US
2011,CA
2011,CA
2011,CA
2011,CZ
2011,CA
2011,CA
2011,US
2011,CA
2011,US
2011,CA
2011,CZ
2011,UA
2011,CA
2011,CZ
2011,CA
2011,US
2011,US
2011,SK
2011,CA
2011,CA
2011,CZ
2011,CZ
2011,US
2011,US
2011,CA
2011,SE
2011,NO
2011,FI
2011,US
2011,FI
2011,CA
2011,CA
2011,US
2011,SE
2011,US
2011,US
2011,CA
2011,FI
2011,CA
2011,US
2011,FI
2011,US
2011,US
2011,US
2011,US
2011,SE
2011,CA
2011,CA
2011,US
2011,US
2011,RU
2011,CA
2011,US
2011,CZ
2011,CA
2011,SE
2011,SE
2010,CA
2010,CA
2010,CA
2010,CA
2010,CH
2010,CA
2010,CA
2010,RU
2010,FI
2010,CA
2010,US
2010,CA
2010,CA
2010,CA
2010,US
2010,RU
2010,CA
2010,US
2010,US
2010,US
2010,CA
2010,US
2010,CA
2010,US
2010,CA
2010,RU
2010,CA
2010,US
2010,US
2010,US
2010,US
2010,US
2010,CA
2010,CA
2010,SE
2010,CA
2010,US
2010,US
2010,CA
2010,CA
2010,SE
2010,CA
2010,CA
2010,SE
2010,CA
2010,SK
2010,CA
2010,US
2010,CA
2010,US
2010,SE
2010,US
2010,US
2010,US
2010,CZ
2010,SE
2010,SE
2010,CA
2010,US
2010,US
2010,CA
2010,CA
2010,US
2010,CA
2010,RU
2010,CZ
2010,CA
2010,CA
2010,CA
2010,CA
2010,CA
2010,SK
2010,CA
2010,US
2010,CA
2010,CZ
2010,CA
2010,US
2010,NO
2010,US
2010,CA
2010,US
2010,CA
2010,CA
2010,US
2010,RU
2010,CA
2010,US
2010,CA
2010,SE
2010,CA
2010,CA
2010,CA
2010,US
2010,CA
2010,CA
2010,CA
2010,CA
2010,FI
2010,US
2010,RU
2010,CA
2010,CA
2010,FI
2010,CA
2010,SE
2010,FI
2010,US
2010,CA
2010,DE
2010,FI
2010,DE
2010,CA
2010,US
2010,US
2010,SE
2010,CA
2010,US
2010,CA
2010,CA
2010,CA
2010,US
2010,CA
2010,CA
2010,US
2010,SE
2010,US
2010,SE
2010,CA
2010,CA
2010,SE
2010,SE
2010,CA
2010,CA
2010,US
2010,CA
2010,CA
2010,CA
2010,US
2010,US
2010,CZ
2010,US
2010,CA
2010,CA
2010,CZ
2010,SE
2010,CA
2010,US
2010,US
2010,CA
2010,DE
2010,US
2010,CA
2010,CA
2010,CA
2010,CA
2010,SE
2010,RU
2010,SE
2010,US
2010,SE
2010,CA
2010,DE
2010,CA
2010,US
2010,CA
2010,CA
2010,US
2010,SE
2010,CA
2010,CA
2010,CA
2010,CA
2010,CA
2010,FI
2010,CA
2010,US
2010,CA
2010,US
2010,US
2010,LV
2010,CA
2010,US
2010,CA
2010,CA
2010,CA
2010,DK
2010,US
2010,CA
2010,CA
2010,US
2010,CA
2010,CA
2010,DE
2010,RU
2010,US
2010,US
2010,FI
2010,CA
2010,US
2010,US
2010,CA
2010,US
2010,CH
2010,CA
2010,SE
2010,SE
2010,CA
2010,CA
2010,US
2009,CA
2009,SE
2009,CA
2009,CA
2009,CA
2009,SE
2009,CA
2009,CA
2009,CA
2009,SE
2009,CA
2009,CA
2009,CA
2009,RU
2009,CA
2009,US
2009,SE
2009,CA
2009,US
2009,SE
2009,US
2009,US
2009,US
2009,SE
2009,CA
2009,US
2009,CA
2009,US
2009,CA
2009,CA
2009,FI
2009,CA
2009,CA
2009,SE
2009,CA
2009,US
2009,US
2009,CA
2009,SE
2009,SE
2009,US
2009,CA
2009,US
2009,US
2009,US
2009,SE
2009,CA
2009,CA
2009,CA
2009,US
2009,US
2009,SK
2009,SE
2009,CA
2009,RU
2009,US
2009,CA
2009,CA
2009,CA
2009,SK
2009,SE
2009,SE
2009,US
2009,CA
2009,FI
2009,CA
2009,US
2009,CA
2009,CA
2009,CA
2009,US
2009,CA
2009,SE
2009,CA
2009,CZ
2009,RU
2009,CA
2009,RU
2009,US
2009,US
2009,CA
2009,CA
2009,CA
2009,CA
2009,CA
2009,CA
2009,SE
2009,SE
2009,US
2009,CA
2009,US
2009,CA
2009,CA
2009,CA
2009,CA
2009,CA
2009,CA
2009,US
2009,US
2009,US
2009,FI
2009,SE
2009,CA
2009,US
2009,CA
2009,FI
2009,CA
2009,CA
2009,RU
2009,US
2009,SE
2009,US
2009,CA
2009,US
2009,US
2009,SE
2009,CA
2009,CA
2009,CA
2009,CA
2009,RU
2009,CA
2009,CA
2009,CA
2009,US
2009,CZ
2009,US
2009,CZ
2009,CA
2009,CA
2009,CA
2009,CA
2009,US
2009,CA
2009,SK
2009,GB
2009,US
2009,CA
2009,CA
2009,CA
2009,CA
2009,SE
2009,CA
2009,CA
2009,US
2009,CA
2009,CA
2009,SE
2009,US
2009,CA
2009,US
2009,CA
2009,US
2009,CA
2009,CA
2009,CA
2009,US
2009,CA
2009,CA
2009,CA
2009,SK
2009,FI
2009,US
2009,CA
2009,CA
2009,SE
2009,US
2009,CA
2009,CA
2009,FI
2009,CA
2009,US
2009,CA
2009,CA
2009,CA
2009,CA
2009,FI
2009,US
2009,US
2009,SE
2009,FI
2009,BY
2009,US
2009,CA
2009,CA
2009,CA
2009,US
2009,SK
2009,US
2009,US
2009,CA
2009,US
2009,CA
2009,US
2009,DK
2009,CA
2009,US
2009,US
2009,RU
2009,CA
2009,US
2009,US
2009,CA
2009,CA
2009,CA
2009,DE
2009,FI
2009,CA
2009,SE
2009,FI
2008,CA
2008,CA
2008,US
2008,CA
2008,CA
2008,RU
2008,US
2008,DK
2008,CA
2008,CA
2008,CA
2008,US
2008,CA
2008,CA
2008,SE
2008,CA
2008,US
2008,CA
2008,IT
2008,CA
2008,SE
2008,CA
2008,CA
2008,SE
2008,CA
2008,CA
2008,US
2008,LV
2008,CA
2008,US
2008,SE
2008,RU
2008,US
2008,CA
2008,CA
2008,CA
2008,CA
2008,CH
2008,CA
2008,US
2008,CA
2008,CA
2008,CA
2008,CA
2008,CA
2008,CA
2008,FR
2008,US
2008,CA
2008,CA
2008,US
2008,CA
2008,CA
2008,CA
2008,CA
2008,US
2008,CA
2008,RU
2008,CA
2008,US
2008,CA
2008,US
2008,US
2008,CA
2008,FI
2008,CA
2008,CA
2008,CA
2008,CA
2008,CA
2008,CA
2008,FI
2008,RU
2008,CA
2008,RU
2008,CA
2008,CA
2008,CA
2008,CA
2008,CA
2008,US
2008,CA
2008,CA
2008,CA
2008,CA
2008,US
2008,CA
2008,CA
2008,NO
2008,CZ
2008,US
2008,CA
2008,CA
2008,US
2008,US
2008,US
2008,CA
2008,BY
2008,US
2008,US
2008,US
2008,SE
2008,SE
2008,CA
2008,CZ
2008,FI
2008,CA
2008,US
2008,SE
2008,CA
2008,CA
2008,CA
2008,US
2008,CA
2008,CA
2008,CA
2008,CA
2008,US
2008,CA
2008,CA
2008,SE
2008,CA
2008,RU
2008,SE
2008,SE
2008,CA
2008,CA
2008,US
2008,CA
2008,DE
2008,CA
2008,CA
2008,CA
2008,CA
2008,CZ
2008,CA
2008,CA
2008,RU
2008,CA
2008,CA
2008,CA
2008,CA
2008,SE
2008,CA
2008,FI
2008,CA
2008,CA
2008,CA
2008,DK
2008,RU
2008,CA
2008,CA
2008,CA
2008,CA
2008,CA
2008,CA
2008,US
2008,CA
2008,US
2008,US
2008,NO
2008,SE
2008,FI
2008,CA
2008,CA
2008,US
2008,CA
2008,CA
2008,US
2008,NO
2008,CA
2008,US
2008,CA
2008,US
2008,CA
2008,CA
2008,US
2008,CA
2008,CA
2008,CA
2008,CA
2008,FI
2008,US
2008,US
2008,CA
2008,CA
2008,CA
2008,CA
2008,CA
2008,US
2008,CA
2008,US
2008,CA
2008,US
2008,CA
2008,SE
2008,US
2008,SE
2008,SE
2008,US
2008,FI
2008,CA
2008,US
2008,CA
2008,CA
2008,US
2008,SE
2008,US
2008,CA
2008,CA
2008,SE
2007,US
2007,US
2007,CA
2007,CA
2007,CA
2007,CA
2007,CZ
2007,CA
2007,CA
2007,CA
2007,US
2007,US
2007,DK
2007,US
2007,CA
2007,CA
2007,RU
2007,US
2007,CA
2007,CA
2007,CA
2007,US
2007,US
2007,SE
2007,US
2007,CA
2007,CA
2007,US
2007,US
2007,CA
2007,US
2007,CA
2007,CA
2007,CA
2007,US
2007,SE
2007,CA
2007,US
2007,SE
2007,CZ
2007,CA
2007,US
2007,CA
2007,US
2007,US
2007,US
2007,CA
2007,CA
2007,CA
2007,US
2007,CA
2007,SE
2007,US
2007,US
2007,CA
2007,NG
2007,US
2007,CA
2007,CA
2007,RU
2007,CA
2007,CA
2007,CA
2007,RU
2007,CA
2007,CA
2007,CA
2007,US
2007,CA
2007,CA
2007,RU
2007,US
2007,CH
2007,CA
2007,CH
2007,CA
2007,CA
2007,CA
2007,US
2007,CA
2007,US
2007,CA
2007,DE
2007,US
2007,CA
2007,US
2007,US
2007,SE
2007,US
2007,CA
2007,CA
2007,US
2007,US
2007,RU
2007,US
2007,US
2007,SE
2007,DE
2007,CA
2007,US
2007,US
2007,CA
2007,CZ
2007,CA
2007,CA
2007,RU
2007,CA
2007,US
2007,CA
2007,CA
2007,CA
2007,CA
2007,US
2007,US
2007,FI
2007,CA
2007,CA
2007,CA
2007,CA
2007,US
2007,SE
2007,SE
2007,RU
2007,CA
2007,CA
2007,US
2007,SK
2007,US
2007,CA
2007,DE
2007,US
2007,CA
2007,US
2007,SK
2007,US
2007,CZ
2007,US
2007,CA
2007,CA
2007,CA
2007,CA
2007,US
2007,CA
2007,SE
2007,CA
2007,RU
2007,CA
2007,CA
2007,CA
2007,US
2007,CA
2007,CA
2007,US
2007,CA
2007,SE
2007,CA
2007,SE
2007,CA
2007,CA
2007,CA
2007,US
2007,CA
2007,SE
2007,CA
2007,SE
2007,US
2007,SE
2007,SE
2007,CZ
2007,FI
2007,CA
2007,CA
2007,US
2007,DE
2007,US
2007,US
2007,FI
2007,CA
2007,CA
2007,CA
2007,CA
2007,US
2007,CA
2007,CA
2007,US
2007,US
2007,US
2007,CA
2007,CA
2007,US
2007,CA
2007,US
2007,SK
2007,SE
2007,SE
2007,CA
2007,CA
2007,CA
2007,US
2007,CA
2007,US
2007,RU
2007,CA
2007,FI
2007,CA
2007,CA
2007,CA
2007,CA
2007,US
2007,CA
2007,US
2006,US
2006,CA
2006,CA
2006,SE
2006,US
2006,CA
2006,US
2006,US
2006,CA
2006,CZ
2006,CA
2006,CA
2006,CZ
2006,AT
2006,FI
2006,CA
2006,US
2006,CA
2006,US
2006,US
2006,US
2006,CA
2006,RU
2006,SE
2006,SE
2006,CA
2006,RU
2006,US
2006,US
2006,CA
2006,CZ
2006,US
2006,RU
2006,CZ
2006,CA
2006,CA
2006,RU
2006,CA
2006,AT
2006,CZ
2006,CA
2006,US
2006,CA
2006,RU
2006,US
2006,SE
2006,CA
2006,US
2006,CA
2006,CA
2006,US
2006,CA
2006,CA
2006,RU
2006,RU
2006,US
2006,US
2006,RU
2006,CA
2006,FI
2006,CA
2006,SE
2006,US
2006,SE
2006,US
2006,CA
2006,RU
2006,CA
2006,CA
2006,SE
2006,CA
2006,CA
2006,CA
2006,US
2006,CA
2006,SE
2006,RU
2006,US
2006,CA
2006,US
2006,US
2006,SE
2006,CA
2006,CA
2006,US
2006,CA
2006,CA
2006,SE
2006,US
2006,CA
2006,LV
2006,SE
2006,CA
2006,US
2006,CA
2006,US
2006,FI
2006,CA
2006,CA
2006,US
2006,FI
2006,US
2006,CA
2006,CZ
2006,FI
2006,CH
2006,US
2006,CA
2006,CZ
2006,US
2006,DE
2006,CA
2006,CA
2006,SE
2006,SK
2006,US
2006,DE
2006,CA
2006,US
2006,US
2006,CA
2006,US
2006,CA
2006,US
2006,CA
2006,US
2006,CA
2006,CA
2006,FI
2006,US
2006,CZ
2006,FI
2006,CA
2006,US
2006,US
2006,CA
2006,SK
2006,CA
2006,RU
2006,US
2006,SE
2006,CA
2006,CA
2006,CA
2006,US
2006,CA
2006,CA
2006,CA
2006,FI
2006,FI
2006,CA
2006,CA
2006,CA
2006,US
2006,CA
2006,FI
2006,US
2006,CA
2006,CA
2006,CA
2006,SE
2006,CH
2006,RU
2006,DE
2006,FI
2006,US
2006,SK
2006,CA
2006,CA
2006,RU
2006,US
2006,FI
2006,SE
2006,CA
2006,CH
2006,US
2006,CA
2006,US
2006,US
2006,EE
2006,CA
2006,SI
2006,CA
2006,SE
2006,FI
2006,CA
2006,CA
2006,US
2006,CA
2006,US
2006,US
2006,US
2006,CA
2006,CA
2006,CA
2006,US
2006,CA
2006,RU
2006,US
2006,LV
2006,US
2006,US
2006,US
2006,SK
2006,RU
2006,SE
2006,CA
2006,CA
2006,SE
2006,US
2006,US
2006,CA
2006,DE
2005,CA
2005,US
2005,US
2005,CA
2005,CA
2005,CA
2005,US
2005,CA
2005,US
2005,CA
2005,SI
2005,CA
2005,SK
2005,CA
2005,JP
2005,CA
2005,CZ
2005,CA
2005,CZ
2005,CA
2005,FI
2005,US
2005,SE
2005,US
2005,CA
2005,CA
2005,US
2005,US
2005,CA
2005,SK
2005,CA
2005,US
2005,CA
2005,US
2005,CA
2005,CA
2005,CA
2005,US
2005,CZ
2005,US
2005,CZ
2005,US
2005,CA
2005,CA
2005,CA
2005,CA
2005,US
2005,DE
2005,CA
2005,CA
2005,CA
2005,CA
2005,CA
2005,CA
2005,CA
2005,CA
2005,CA
2005,US
2005,CA
2005,CA
2005,US
2005,CA
2005,CA
2005,CA
2005,CA
2005,CA
2005,CA
2005,CA
2005,CA
2005,RU
2005,CA
2005,US
2005,CZ
2005,CA
2005,FI
2005,CA
2005,CA
2005,FI
2005,CA
2005,SE
2005,CA
2005,CA
2005,FI
2005,CA
2005,US
2005,US
2005,CA
2005,US
2005,CA
2005,US
2005,LV
2005,SK
2005,CA
2005,CZ
2005,CA
2005,US
2005,US
2005,RU
2005,US
2005,CA
2005,US
2005,CA
2005,SE
2005,US
2005,US
2005,CZ
2005,CA
2005,SE
2005,US
2005,CA
2005,CA
2005,US
2005,US
2005,CA
2005,FI
2005,US
2005,RU
2005,CA
2005,US
2005,RU
2005,SK
2005,DK
2005,SK
2005,US
2005,FI
2005,CA
2005,CA
2005,CA
2005,US
2005,CA
2005,CZ
2005,CA
2005,SK
2005,CA
2005,CZ
2005,CZ
2005,SE
2005,US
2005,SE
2005,CA
2005,US
2005,US
2005,CA
2005,FI
2005,US
2005,SE
2005,CA
2005,RU
2005,CA
2005,CA
2005,CA
2005,CA
2005,US
2005,CA
2005,US
2005,CA
2005,SE
2005,CA
2005,FI
2005,CA
2005,US
2005,US
2005,CZ
2005,RU
2005,CA
2005,CA
2005,US
2005,US
2005,CA
2005,US
2005,CA
2005,CZ
2005,SE
2005,CA
2005,FI
2005,US
2005,CA
2005,CA
2005,CA
2005,CA
2005,US
2005,CA
2005,CA
2005,US
2005,CA
2005,RU
2005,RU
2005,US
2005,RU
2005,CA
2005,RU
2005,CA
2005,US
2005,CA
2005,US
2005,US
2005,CA
2005,US
2005,CA
2005,BY
2005,CA
2005,CZ
2005,SE
2005,CA
2005,SK
2005,US
2005,CA
2005,US
2005,RU
2005,CA
2005,CA
2005,US
2005,CA
2005,CA
2005,CA
2005,SE
2005,CA
2005,CA
2005,RU
2005,CA
2005,CA
2005,CA
2005,US
2005,US
2005,US
2005,CA
2005,US
2005,US
2005,CA
2005,SE
2004,RU
2004,RU
2004,CA
2004,CA
2004,US
2004,US
2004,CZ
2004,CA
2004,CZ
2004,SK
2004,FI
2004,US
2004,US
2004,CA
2004,RU
2004,FI
2004,CZ
2004,CA
2004,FI
2004,CA
2004,PL
2004,CZ
2004,SK
2004,CA
2004,US
2004,US
2004,CA
2004,CA
2004,CA
2004,CA
2004,SE
2004,CA
2004,US
2004,SE
2004,CA
2004,CA
2004,CA
2004,CA
2004,CA
2004,US
2004,CA
2004,BY
2004,CA
2004,RU
2004,CA
2004,US
2004,CA
2004,CA
2004,SE
2004,RU
2004,CA
2004,CA
2004,US
2004,CZ
2004,CA
2004,SE
2004,US
2004,RU
2004,CA
2004,US
2004,US
2004,RU
2004,CZ
2004,LV
2004,CA
2004,FI
2004,CA
2004,CA
2004,US
2004,CA
2004,SK
2004,RU
2004,CZ
2004,US
2004,CA
2004,CA
2004,US
2004,SK
2004,CA
2004,US
2004,CZ
2004,RU
2004,KZ
2004,RU
2004,US
2004,CA
2004,DK
2004,DE
2004,CA
2004,CA
2004,SE
2004,US
2004,CA
2004,DE
2004,US
2004,RU
2004,SE
2004,CA
2004,CA
2004,US
2004,US
2004,US
2004,SI
2004,SE
2004,CA
2004,CA
2004,CA
2004,CA
2004,CA
2004,ME
2004,CA
2004,CA
2004,SK
2004,CA
2004,CA
2004,CZ
2004,CH
2004,FI
2004,US
2004,CA
2004,CA
2004,RU
2004,CZ
2004,CA
2004,CA
2004,CA
2004,US
2004,CA
2004,CA
2004,SI
2004,CA
2004,SE
2004,CZ
2004,CA
2004,CZ
2004,RU
2004,SE
2004,FI
2004,CA
2004,US
2004,US
2004,SK
2004,CA
2004,US
2004,SI
2004,CA
2004,SE
2004,CA
2004,US
2004,DE
2004,BY
2004,CA
2004,US
2004,SE
2004,RU
2004,CH
2004,RU
2004,CA
2004,US
2004,CA
2004,CA
2004,US
2004,US
2004,US
2004,CA
2004,CH
2004,US
2004,CA
2004,CA
2004,SI
2004,CA
2004,US
2004,CA
2004,US
2004,CA
2004,US
2004,CA
2004,CA
2004,CZ
2004,CZ
2004,CA
2004,SE
2004,US
2004,US
2004,CA
2004,CA
2004,US
2004,CZ
2004,CA
2004,FI
2004,FI
2004,SE
2004,US
2004,US
2004,CA
2004,FI
2004,CA
2004,CA
2004,US
2004,CA
2004,CA
2004,CA
2004,CA
2004,FI
2004,US
2004,KZ
2004,CA
2004,CA
2004,CZ
2004,SE
2004,SE
2004,CA
2004,US
2004,CA
2004,US
2004,CA
2004,CA
2004,BY
2004,CA
2004,KZ
2004,GB
2004,CA
2004,CA
2004,US
2004,CA
2004,CA
2004,CA
2004,CA
2004,CA
2004,CA
2004,US
2004,CA
2004,US
2004,US
2004,CZ
2004,CA
2004,CA
2004,JP
2004,CA
2004,CA
2004,CA
2004,CA
2004,RU
2004,CA
2004,CA
2004,CA
2004,CA
2004,CZ
2004,US
2004,US
2004,US
2004,CZ
2004,CA
2004,CA
2004,SE
2004,US
2004,RU
2004,FI
2004,CA
2004,FI
2004,US
2004,CH
2004,US
2004,FI
2004,CA
2004,CZ
2004,US
2004,CZ
2004,FI
2004,CA
2004,CA
2004,CA
2004,CA
2004,SE
2004,CA
2004,CA
2004,CA
2004,CA
2004,CA
2004,CA
2004,US
2004,RU
2004,US
2004,SE
2004,US
2004,CA
2004,DK
2004,US
2004,US
2004,SE
2004,US
2003,CA
2003,CA
2003,CA
2003,UA
2003,AT
2003,CZ
2003,US
2003,CA
2003,CA
2003,BY
2003,CA
2003,US
2003,US
2003,CA
2003,CA
2003,CA
2003,US
2003,CA
2003,CA
2003,CA
2003,US
2003,CA
2003,US
2003,CA
2003,CA
2003,US
2003,CA
2003,CA
2003,CA
2003,CA
2003,US
2003,CA
2003,SE
2003,DE
2003,RU
2003,CZ
2003,CA
2003,CZ
2003,CA
2003,CA
2003,US
2003,CZ
2003,US
2003,KZ
2003,CA
2003,US
2003,US
2003,RU
2003,CA
2003,SK
2003,US
2003,CA
2003,RU
2003,US
2003,CA
2003,CA
2003,US
2003,CA
2003,CZ
2003,CA
2003,CA
2003,US
2003,CA
2003,US
2003,SK
2003,FI
2003,RU
2003,CA
2003,CA
2003,CA
2003,RU
2003,RU
2003,CA
2003,CA
2003,US
2003,SK
2003,CA
2003,US
2003,CA
2003,KZ
2003,SK
2003,CA
2003,US
2003,RU
2003,CA
2003,CA
2003,US
2003,US
2003,CA
2003,FI
2003,SK
2003,DE
2003,RU
2003,CA
2003,CA
2003,CA
2003,CA
2003,RU
2003,US
2003,CH
2003,BY
2003,US
2003,CA
2003,CA
2003,CZ
2003,CZ
2003,CA
2003,CH
2003,SE
2003,US
2003,CA
2003,CA
2003,CA
2003,RU
2003,CA
2003,CA
2003,FI
2003,US
2003,CA
2003,SK
2003,CA
2003,US
2003,CA
2003,US
2003,RU
2003,CA
2003,CA
2003,CA
2003,CZ
2003,CZ
2003,CZ
2003,CA
2003,RU
2003,RU
2003,SE
2003,US
2003,CA
2003,FI
2003,DE
2003,CA
2003,US
2003,US
2003,US
2003,FI
2003,US
2003,US
2003,SE
2003,US
2003,CA
2003,US
2003,FI
2003,CA
2003,US
2003,US
2003,US
2003,RU
2003,PL
2003,CA
2003,CA
2003,SE
2003,RU
2003,CZ
2003,CA
2003,CA
2003,US
2003,RU
2003,US
2003,CA
2003,CZ
2003,SE
2003,RU
2003,RU
2003,CA
2003,FI
2003,CA
2003,SK
2003,SE
2003,CA
2003,CH
2003,CA
2003,SE
2003,CA
2003,US
2003,SE
2003,CA
2003,US
2003,CZ
2003,CA
2003,CA
2003,CA
2003,CA
2003,CA
2003,FI
2003,SE
2003,CA
2003,SE
2003,CA
2003,CA
2003,CA
2003,RU
2003,CA
2003,CA
2003,RU
2003,SE
2003,US
2003,CA
2003,RU
2003,CA
2003,US
2003,RU
2003,CA
2003,SK
2003,CZ
2003,CA
2003,CA
2003,DE
2003,FI
2003,CA
2003,CA
2003,CA
2003,RU
2003,CA
2003,CA
2003,US
2003,CA
2003,SE
2003,CA
2003,CA
2003,CA
2003,US
2003,CA
2003,US
2003,CA
2003,CZ
2003,CA
2003,SE
2003,CA
2003,US
2003,SE
2003,CA
2003,CA
2003,RU
2003,CZ
2003,CA
2003,US
2003,RU
2003,CA
2003,CZ
2003,CA
2003,CA
2003,US
2003,RU
2003,RU
2003,CA
2003,LV
2003,US
2003,CA
2003,SK
2003,FI
2003,FI
2003,CA
2003,CA
2003,CA
2003,CA
2003,CA
2003,CA
2003,US
2003,LV
2003,CA
2003,CA
2003,SK
2003,US
2003,RU
2003,US
2003,US
2003,US
2003,US
2003,CA
2003,CA
2003,FI
2003,US
2003,CA
2003,CA
2003,FI
2003,CA
2003,CZ
2003,CA
2003,CA
2003,SE
2003,CH
2003,CA
2003,RU
2002,CA
2002,FI
2002,CA
2002,FI
2002,US
2002,CA
2002,CA
2002,CA
2002,CZ
2002,US
2002,US
2002,CA
2002,RU
2002,US
2002,FI
2002,CZ
2002,CA
2002,RU
2002,CZ
2002,CA
2002,UA
2002,FI
2002,CA
2002,CA
2002,CA
2002,CZ
2002,US
2002,SE
2002,FI
2002,US
2002,CA
2002,HU
2002,US
2002,CH
2002,CZ
2002,CA
2002,CA
2002,CA
2002,US
2002,US
2002,SE
2002,NO
2002,CA
2002,US
2002,CZ
2002,CA
2002,RU
2002,RU
2002,RU
2002,RU
2002,RU
2002,US
2002,US
2002,CA
2002,BY
2002,RU
2002,CA
2002,CZ
2002,CA
2002,CA
2002,CA
2002,UA
2002,CZ
2002,US
2002,NO
2002,CZ
2002,CA
2002,CA
2002,CA
2002,US
2002,US
2002,US
2002,CA
2002,CA
2002,FI
2002,CA
2002,CA
2002,CA
2002,CA
2002,US
2002,SE
2002,US
2002,CZ
2002,CZ
2002,CA
2002,CZ
2002,DK
2002,CA
2002,SK
2002,CA
2002,US
2002,CA
2002,RU
2002,US
2002,FI
2002,US
2002,CA
2002,RU
2002,CA
2002,RU
2002,SE
2002,CA
2002,FI
2002,CA
2002,CA
2002,RU
2002,FI
2002,CZ
2002,CA
2002,FI
2002,SE
2002,RU
2002,CA
2002,US
2002,CA
2002,US
2002,US
2002,CZ
2002,LV
2002,SE
2002,US
2002,CZ
2002,
2002,CA
2002,SE
2002,RU
2002,US
2002,CA
2002,US
2002,CZ
2002,SE
2002,US
2002,FI
2002,FI
2002,US
2002,US
2002,CA
2002,CA
2002,CA
2002,CA
2002,CZ
2002,CH
2002,US
2002,CA
2002,CA
2002,RU
2002,CA
2002,CA
2002,SE
2002,CA
2002,CA
2002,CA
2002,SK
2002,LV
2002,LV
2002,US
2002,CA
2002,CA
2002,SE
2002,CH
2002,US
2002,YU
2002,US
2002,CA
2002,US
2002,CA
2002,CA
2002,CA
2002,CA
2002,US
2002,US
2002,US
2002,CA
2002,FI
2002,CA
2002,CA
2002,US
2002,RU
2002,CZ
2002,RU
2002,FI
2002,BS
2002,CA
2002,CZ
2002,US
2002,US
2002,CA
2002,US
2002,RU
2002,CA
2002,CA
2002,RU
2002,CA
2002,FI
2002,CA
2002,FI
2002,CA
2002,CA
2002,US
2002,RU
2002,CA
2002,CH
2002,CA
2002,SE
2002,CA
2002,CA
2002,SE
2002,SK
2002,FI
2002,CA
2002,US
2002,CA
2002,FI
2002,CA
2002,RU
2002,CZ
2002,US
2002,FI
2002,CA
2002,CA
2002,SE
2002,CA
2002,RU
2002,CA
2002,CA
2002,US
2002,CA
2002,RU
2002,CA
2002,CA
2002,CZ
2002,US
2002,RU
2002,CA
2002,CA
2002,CA
2002,AT
2002,FI
2002,US
2002,CZ
2002,CA
2002,RU
2002,FI
2002,US
2002,CZ
2002,CZ
2002,CA
2002,FI
2002,US
2002,CA
2002,US
2002,CZ
2002,FI
2002,FI
2002,CA
2002,CA
2002,FI
2002,RU
2002,CA
2002,CA
2002,CA
2002,SE
2002,RU
2002,CA
2002,US
2002,CA
2002,CA
2002,RU
2002,SE
2002,US
2002,CZ
2002,SE
2002,US
2002,SE
2002,RU
2002,RU
2002,CH
2002,US
2002,CA
2002,CA
2002,US
2002,US
2002,SE
2002,CA
2002,SE
2002,RU
2002,US
2002,US
2002,US
2002,RU
2002,SE
2001,RU
2001,CA
2001,RU
2001,CA
2001,RU
2001,FI
2001,US
2001,CA
2001,FI
2001,CA
2001,SE
2001,CA
2001,CZ
2001,CA
2001,RU
2001,US
2001,CA
2001,SE
2001,CA
2001,DE
2001,CA
2001,CZ
2001,US
2001,CZ
2001,KZ
2001,US
2001,CA
2001,CA
2001,CA
2001,US
2001,CA
2001,CA
2001,RU
2001,CA
2001,CA
2001,CA
2001,CA
2001,US
2001,CZ
2001,RU
2001,RU
2001,SK
2001,CA
2001,SK
2001,CZ
2001,CA
2001,RU
2001,FI
2001,CA
2001,CA
2001,CZ
2001,US
2001,CA
2001,US
2001,CA
2001,RU
2001,CA
2001,CA
2001,CA
2001,RU
2001,SE
2001,RU
2001,SK
2001,SK
2001,CA
2001,RU
2001,CH
2001,CA
2001,CA
2001,SE
2001,CZ
2001,CA
2001,US
2001,CA
2001,RU
2001,AT
2001,CA
2001,CH
2001,CA
2001,CA
2001,US
2001,CA
2001,SE
2001,US
2001,CA
2001,CA
2001,SE
2001,CA
2001,FI
2001,CA
2001,CA
2001,CA
2001,CA
2001,RU
2001,CA
2001,CA
2001,CA
2001,CA
2001,CA
2001,US
2001,CA
2001,FI
2001,FI
2001,CA
2001,RU
2001,DE
2001,KZ
2001,FI
2001,FI
2001,CA
2001,FI
2001,CA
2001,US
2001,RU
2001,RU
2001,CA
2001,US
2001,US
2001,RU
2001,SK
2001,CA
2001,RU
2001,CA
2001,UA
2001,CA
2001,CZ
2001,DE
2001,RU
2001,CZ
2001,CA
2001,US
2001,CZ
2001,FI
2001,CA
2001,US
2001,CA
2001,CA
2001,US
2001,CA
2001,CZ
2001,CA
2001,FI
2001,SK
2001,CA
2001,US
2001,FI
2001,CZ
2001,US
2001,FI
2001,AT
2001,CA
2001,CA
2001,FI
2001,US
2001,CZ
2001,US
2001,SE
2001,CZ
2001,RU
2001,RU
2001,CA
2001,DE
2001,SE
2001,RU
2001,CA
2001,CA
2001,CZ
2001,RU
2001,CA
2001,SK
2001,CA
2001,DE
2001,CA
2001,RU
2001,CA
2001,CZ
2001,RU
2001,RU
2001,US
2001,US
2001,CA
2001,US
2001,CZ
2001,US
2001,SE
2001,CZ
2001,RU
2001,US
2001,FI
2001,CA
2001,CZ
2001,FI
2001,CA
2001,US
2001,CA
2001,CA
2001,CZ
2001,SK
2001,CA
2001,FI
2001,US
2001,CA
2001,CA
2001,CH
2001,FI
2001,CZ
2001,CA
2001,CA
2001,CA
2001,US
2001,US
2001,CA
2001,SK
2001,FR
2001,CA
2001,RU
2001,CZ
2001,CZ
2001,CA
2001,US
2001,SE
2001,CA
2001,US
2001,SE
2001,SE
2001,SE
2001,SK
2001,CA
2001,CA
2001,RU
2001,CA
2001,CH
2001,US
2001,SE
2001,CA
2001,CA
2001,CA
2001,US
2001,US
2001,SE
2001,SK
2001,CA
2001,CZ
2001,CA
2001,RU
2001,CZ
2001,SK
2001,FI
2001,US
2001,US
2001,FI
2001,CA
2001,CZ
2001,SK
2001,CA
2001,US
2001,RU
2001,RU
2001,RU
2001,US
2001,RU
2001,CZ
2001,SK
2001,CA
2001,CA
2001,CZ
2001,SK
2001,CA
2001,LV
2001,CA
2001,FI
2001,CZ
2001,CH
2001,CA
2001,DE
2001,CA
2001,CA
2001,CA
2001,CA
2001,RU
2001,RU
2001,SI
2001,SE
2001,CZ
2001,CZ
2001,FI
2001,FI
2001,CA
2001,SE
2000,US
2000,DE
2000,SK
2000,CZ
2000,CA
2000,CA
2000,SE
2000,RU
2000,CA
2000,RU
2000,KZ
2000,RU
2000,US
2000,CZ
2000,RU
2000,SK
2000,UA
2000,US
2000,CA
2000,RU
2000,RU
2000,US
2000,CA
2000,CA
2000,CA
2000,CA
2000,SE
2000,CA
2000,SE
2000,US
2000,RU
2000,CZ
2000,CA
2000,RU
2000,US
2000,SE
2000,US
2000,SK
2000,FI
2000,CA
2000,FI
2000,CZ
2000,CA
2000,RU
2000,CA
2000,CA
2000,CA
2000,YU
2000,SE
2000,RU
2000,US
2000,CA
2000,RU
2000,SE
2000,CA
2000,RU
2000,US
2000,RU
2000,CZ
2000,CA
2000,CZ
2000,US
2000,LV
2000,CZ
2000,CA
2000,FI
2000,KZ
2000,SE
2000,CA
2000,SE
2000,CA
2000,SE
2000,RU
2000,RU
2000,CA
2000,US
2000,US
2000,SK
2000,CA
2000,CA
2000,RU
2000,CA
2000,RU
2000,SK
2000,CA
2000,CA
2000,CZ
2000,US
2000,CZ
2000,CA
2000,RU
2000,RU
2000,US
2000,RU
2000,CA
2000,CA
2000,SE
2000,SE
2000,US
2000,CA
2000,FI
2000,SE
2000,US
2000,US
2000,RU
2000,CA
2000,CA
2000,CA
2000,SE
2000,US
2000,CA
2000,CZ
2000,CA
2000,CA
2000,CA
2000,HU
2000,FI
2000,SK
2000,US
2000,CA
2000,CA
2000,US
2000,RU
2000,CA
2000,CA
2000,SE
2000,RU
2000,RU
2000,US
2000,CA
2000,US
2000,RU
2000,FI
2000,SK
2000,CA
2000,KZ
2000,US
2000,CA
2000,RU
2000,CA
2000,CA
2000,CZ
2000,US
2000,RU
2000,CA
2000,CZ
2000,CA
2000,SE
2000,RU
2000,US
2000,RU
2000,CA
2000,US
2000,US
2000,CA
2000,CA
2000,US
2000,US
2000,US
2000,US
2000,RU
2000,RU
2000,RU
2000,SK
2000,CA
2000,CA
2000,CA
2000,CZ
2000,CA
2000,US
2000,CZ
2000,US
2000,SK
2000,FI
2000,CH
2000,FI
2000,US
2000,US
2000,KZ
2000,CA
2000,US
2000,CZ
2000,SK
2000,CA
2000,US
2000,CA
2000,SE
2000,CA
2000,CA
2000,US
2000,CA
2000,CZ
2000,US
2000,CA
2000,GB
2000,CA
2000,CZ
2000,CA
2000,CA
2000,FI
2000,RU
2000,CA
2000,SI
2000,CA
2000,SE
2000,SE
2000,US
2000,CA
2000,FI
2000,US
2000,US
2000,SE
2000,RU
2000,SK
2000,CA
2000,US
2000,RU
2000,CA
2000,FI
2000,US
2000,CA
2000,SK
2000,SK
2000,FI
2000,RU
2000,US
2000,CA
2000,SE
2000,CA
2000,FI
2000,US
2000,SK
2000,RU
2000,LV
2000,US
2000,SE
2000,CZ
2000,US
2000,CZ
2000,US
2000,CA
2000,US
2000,FI
2000,US
2000,US
2000,CA
2000,US
2000,CA
2000,FI
2000,CH
2000,US
2000,CA
2000,CA
2000,RU
2000,CA
2000,FI
2000,CA
2000,CA
2000,CA
2000,RU
2000,AT
2000,CA
2000,CH
2000,RU
2000,CA
2000,US
2000,FI
2000,CZ
2000,CZ
2000,CA
2000,CH
2000,CA
2000,CZ
2000,RU
2000,CA
2000,CA
2000,CA
2000,CZ
2000,SE
2000,CA
2000,SK
2000,FI
2000,CA
2000,CH
2000,CA
2000,SK
2000,CZ
2000,CA
2000,SE
2000,CA
2000,CH
2000,CA
2000,FI
1999,CZ
1999,SE
1999,SE
1999,CZ
1999,US
1999,CA
1999,CA
1999,CA
1999,CA
1999,SK
1999,RU
1999,UA
1999,FI
1999,US
1999,CA
1999,US
1999,CA
1999,BY
1999,RU
1999,US
1999,CA
1999,CA
1999,CA
1999,CH
1999,RU
1999,CZ
1999,FI
1999,SK
1999,CZ
1999,CA
1999,CA
1999,US
1999,SE
1999,CA
1999,SK
1999,RU
1999,CA
1999,US
1999,RU
1999,CA
1999,FI
1999,CA
1999,RU
1999,US
1999,CA
1999,KZ
1999,CA
1999,CA
1999,CA
1999,CA
1999,US
1999,US
1999,CA
1999,US
1999,US
1999,CA
1999,CA
1999,CA
1999,US
1999,CA
1999,US
1999,FI
1999,KZ
1999,CA
1999,SK
1999,CA
1999,RU
1999,CZ
1999,SK
1999,FI
1999,CA
1999,CA
1999,CA
1999,US
1999,CA
1999,CZ
1999,US
1999,SE
1999,SE
1999,CA
1999,US
1999,US
1999,SE
1999,CA
1999,SK
1999,CA
1999,US
1999,SE
1999,CA
1999,US
1999,CA
1999,CA
1999,SK
1999,CA
1999,AT
1999,SE
1999,US
1999,CA
1999,CA
1999,FI
1999,SK
1999,SE
1999,CA
1999,CA
1999,RU
1999,RU
1999,CA
1999,CA
1999,CA
1999,CA
1999,US
1999,SE
1999,US
1999,CA
1999,US
1999,CA
1999,CZ
1999,FI
1999,CA
1999,SE
1999,RU
1999,SK
1999,CA
1999,RU
1999,SE
1999,CA
1999,LV
1999,CA
1999,CA
1999,CA
1999,RU
1999,SK
1999,CA
1999,CA
1999,US
1999,CA
1999,CA
1999,US
1999,CA
1999,US
1999,RU
1999,US
1999,US
1999,SK
1999,CA
1999,CA
1999,CA
1999,CZ
1999,RU
1999,US
1999,CZ
1999,CA
1999,US
1999,CA
1999,US
1999,AT
1999,RU
1999,SE
1999,RU
1999,KZ
1999,CZ
1999,CH
1999,SE
1999,CZ
1999,CA
1999,CA
1999,CA
1999,SE
1999,CA
1999,CA
1999,CA
1999,CA
1999,SE
1999,US
1999,US
1999,US
1999,US
1999,CA
1999,CA
1999,NO
1999,CA
1999,RU
1999,FI
1999,CA
1999,CA
1999,CA
1999,CZ
1999,US
1999,CA
1999,CA
1999,CZ
1999,SE
1999,CA
1999,SE
1999,FR
1999,KZ
1999,FI
1999,CA
1999,CA
1999,CZ
1999,FI
1999,CA
1999,US
1999,CA
1999,CA
1999,CA
1999,CA
1999,CZ
1999,CA
1999,SE
1999,RU
1999,CZ
1999,CA
1999,US
1999,CA
1999,FI
1999,CA
1999,SE
1999,RU
1999,SK
1999,CA
1999,US
1999,CA
1999,SE
1999,FI
1999,RU
1999,CA
1999,CZ
1999,CA
1999,CZ
1999,US
1999,RU
1999,CA
1999,YU
1999,CA
1999,US
1999,FI
1999,RU
1999,SE
1999,US
1999,SE
1999,US
1999,US
1999,FI
1999,FI
1999,US
1999,FI
1999,CA
1999,RU
1999,US
1999,SE
1999,US
1999,CA
1999,RU
1999,US
1999,HU
1999,FI
1999,US
1999,BY
1999,CA
1999,CA
1999,KZ
1999,CA
1999,RU
1999,CA
1999,CA
1999,US
1999,US
1999,RU
1999,CA
1999,CA
1999,RU
1998,CA
1998,US
1998,CA
1998,CA
1998,UA
1998,CA
1998,CA
1998,CA
1998,US
1998,KZ
1998,CA
1998,CA
1998,CA
1998,CA
1998,CA
1998,US
1998,CZ
1998,RU
1998,BR
1998,US
1998,CA
1998,CA
1998,CZ
1998,SE
1998,CZ
1998,CA
1998,US
1998,CA
1998,CA
1998,CA
1998,RU
1998,CA
1998,CA
1998,CA
1998,CZ
1998,TZ
1998,SE
1998,US
1998,CA
1998,CA
1998,UA
1998,CA
1998,FI
1998,CA
1998,CA
1998,CA
1998,CA
1998,CA
1998,CA
1998,CZ
1998,CA
1998,US
1998,CA
1998,RU
1998,CA
1998,PL
1998,CA
1998,US
1998,CA
1998,RU
1998,CA
1998,CA
1998,CA
1998,CA
1998,CA
1998,CA
1998,CA
1998,FI
1998,CA
1998,US
1998,US
1998,RU
1998,US
1998,CH
1998,CA
1998,RU
1998,US
1998,SE
1998,UA
1998,CA
1998,US
1998,US
1998,CA
1998,CA
1998,US
1998,SE
1998,UA
1998,US
1998,CA
1998,CA
1998,CZ
1998,CA
1998,SE
1998,AT
1998,CA
1998,FI
1998,US
1998,CA
1998,CA
1998,CA
1998,RU
1998,CA
1998,CA
1998,SK
1998,CA
1998,CA
1998,US
1998,CA
1998,CA
1998,CA
1998,CA
1998,SE
1998,FI
1998,CA
1998,US
1998,US
1998,CZ
1998,CA
1998,UA
1998,CA
1998,CA
1998,US
1998,CZ
1998,CA
1998,US
1998,CA
1998,CA
1998,CA
1998,CZ
1998,CA
1998,CZ
1998,RU
1998,CA
1998,US
1998,CA
1998,SE
1998,CA
1998,CA
1998,CA
1998,CA
1998,CA
1998,SE
1998,CA
1998,RU
1998,SE
1998,RU
1998,CA
1998,CA
1998,CA
1998,CA
1998,CA
1998,CA
1998,CZ
1998,CA
1998,US
1998,CA
1998,CA
1998,FI
1998,CA
1998,SE
1998,CA
1998,RU
1998,CZ
1998,CZ
1998,CA
1998,CA
1998,RU
1998,FI
1998,CZ
1998,KZ
1998,RU
1998,CA
1998,FI
1998,CA
1998,CA
1998,CA
1998,US
1998,CA
1998,CA
1998,SE
1998,CA
1998,RU
1998,US
1998,US
1998,CA
1998,US
1998,US
1998,CA
1998,KZ
1998,FI
1998,CA
1998,CZ
1998,SK
1998,CA
1998,CZ
1998,CA
1998,CA
1998,CA
1998,US
1998,US
1998,CA
1998,SK
1998,CA
1998,US
1998,CA
1998,SE
1998,SE
1998,CZ
1998,CA
1998,CA
1998,CA
1998,US
1998,CA
1998,CA
1998,CA
1998,CA
1998,US
1998,CZ
1998,CA
1998,US
1998,CA
1998,SK
1998,RU
1998,FI
1998,UA
1998,SE
1998,FI
1998,CZ
1998,CA
1998,LV
1998,SE
1998,CA
1998,SE
1998,US
1998,SE
1998,RU
1998,US
1998,CA
1998,CA
1998,RU
1998,RU
1998,CA
1998,CZ
1998,US
1998,SE
1998,SK
1998,CA
1998,CA
1998,SK
1998,CZ
1998,CA
1998,SK
1998,CA
1998,US
1998,US
1998,FI
1998,CA
1998,RU
1997,CA
1997,CA
1997,FI
1997,CA
1997,CA
1997,CA
1997,US
1997,RU
1997,CA
1997,CA
1997,CA
1997,SK
1997,CA
1997,CH
1997,CA
1997,US
1997,SK
1997,SE
1997,CA
1997,CA
1997,FI
1997,US
1997,CA
1997,CA
1997,CA
1997,CA
1997,US
1997,US
1997,CA
1997,US
1997,CA
1997,CA
1997,CA
1997,CA
1997,CA
1997,CA
1997,AT
1997,SK
1997,CA
1997,CA
1997,CA
1997,CA
1997,FI
1997,US
1997,RU
1997,CA
1997,SE
1997,SE
1997,RU
1997,CA
1997,RU
1997,RU
1997,CA
1997,SE
1997,CA
1997,CZ
1997,US
1997,FI
1997,CA
1997,CA
1997,US
1997,CA
1997,CA
1997,CA
1997,FI
1997,US
1997,US
1997,RU
1997,RU
1997,SE
1997,CZ
1997,CA
1997,CA
1997,CA
1997,CA
1997,CZ
1997,CA
1997,FI
1997,CZ
1997,CA
1997,SK
1997,CA
1997,US
1997,CA
1997,CZ
1997,CA
1997,CA
1997,CA
1997,CA
1997,CA
1997,CA
1997,US
1997,FI
1997,SE
1997,RU
1997,CA
1997,CA
1997,CZ
1997,CA
1997,CA
1997,CA
1997,CA
1997,RU
1997,CA
1997,SE
1997,CA
1997,CA
1997,CA
1997,CZ
1997,US
1997,CZ
1997,CZ
1997,CA
1997,CA
1997,US
1997,US
1997,CA
1997,RU
1997,SE
1997,CA
1997,CA
1997,UA
1997,CA
1997,CA
1997,CA
1997,CA
1997,US
1997,US
1997,SE
1997,CA
1997,SK
1997,FI
1997,US
1997,SE
1997,RU
1997,US
1997,CA
1997,US
1997,CA
1997,RU
1997,CA
1997,CA
1997,SE
1997,CA
1997,CA
1997,CA
1997,US
1997,CA
1997,CA
1997,CA
1997,DE
1997,CZ
1997,RU
1997,CA
1997,CA
1997,CA
1997,CA
1997,CA
1997,DE
1997,RU
1997,CH
1997,CA
1997,US
1997,CA
1997,CA
1997,CA
1997,CA
1997,CA
1997,US
1997,FI
1997,CA
1997,CA
1997,CZ
1997,CA
1997,SE
1997,CA
1997,SK
1997,CA
1997,CA
1997,CA
1997,US
1997,US
1997,US
1997,CA
1997,CA
1997,CA
1997,CA
1997,CA
1997,CA
1997,CA
1997,FI
1997,CA
1997,US
1997,US
1997,SE
1997,CA
1997,CZ
1997,CA
1997,CA
1997,CA
1997,RU
1997,RU
1997,US
1997,RU
1997,CA
1997,US
1997,LV
1997,CA
1997,CH
1997,CA
1997,US
1997,CZ
1997,CA
1997,FI
1997,US
1997,RU
1997,US
1997,CA
1997,CA
1997,CA
1997,SE
1997,CA
1997,CA
1997,CA
1997,CA
1997,CA
1997,CA
1997,NO
1997,CZ
1997,US
1997,RU
1997,RU
1997,US
1997,US
1997,FI
1997,US
1997,CA
1997,CA
1997,CA
1997,SE
1997,CZ
1997,CA
1997,US
1997,CZ
1997,CA
1997,CA
1996,CA
1996,RU
1996,CA
1996,RU
1996,CA
1996,CA
1996,US
1996,CA
1996,BY
1996,CA
1996,CA
1996,CA
1996,CA
1996,US
1996,LT
1996,CA
1996,CZ
1996,CA
1996,CA
1996,SE
1996,DE
1996,CA
1996,CA
1996,CA
1996,US
1996,CA
1996,CA
1996,CZ
1996,US
1996,CA
1996,CA
1996,CA
1996,CA
1996,CA
1996,US
1996,CZ
1996,SK
1996,CA
1996,CA
1996,CA
1996,US
1996,CA
1996,CZ
1996,CA
1996,CA
1996,CA
1996,CA
1996,CA
1996,CA
1996,CA
1996,RU
1996,CA
1996,CA
1996,CA
1996,CA
1996,SK
1996,CA
1996,RU
1996,US
1996,CA
1996,RU
1996,SE
1996,US
1996,CA
1996,RU
1996,CA
1996,CA
1996,UA
1996,CA
1996,CA
1996,CA
1996,CA
1996,RU
1996,CA
1996,CA
1996,RU
1996,UA
1996,CA
1996,US
1996,CA
1996,FI
1996,CA
1996,CA
1996,SE
1996,CA
1996,US
1996,CA
1996,CA
1996,FI
1996,CA
1996,SE
1996,DK
1996,SE
1996,CA
1996,CA
1996,CA
1996,RU
1996,CA
1996,CA
1996,CA
1996,CA
1996,CA
1996,RU
1996,CA
1996,CZ
1996,CA
1996,CA
1996,SE
1996,US
1996,CA
1996,CA
1996,CA
1996,RU
1996,US
1996,RU
1996,CA
1996,US
1996,CA
1996,SK
1996,CA
1996,CA
1996,CZ
1996,CA
1996,SE
1996,CA
1996,CA
1996,CA
1996,CZ
1996,CA
1996,CA
1996,CA
1996,SE
1996,US
1996,US
1996,CZ
1996,SE
1996,DE
1996,CA
1996,US
1996,UA
1996,CA
1996,CA
1996,CA
1996,SE
1996,US
1996,CA
1996,CA
1996,US
1996,CA
1996,CA
1996,CA
1996,RU
1996,US
1996,CA
1996,CA
1996,CA
1996,CA
1996,SE
1996,CA
1996,DE
1996,CA
1996,CA
1996,CA
1996,CA
1996,US
1996,CA
1996,US
1996,CA
1996,CA
1996,CA
1996,CA
1996,US
1996,CA
1996,CA
1996,CA
1996,SE
1996,CA
1996,US
1996,CZ
1996,US
1996,FI
1996,CA
1996,CA
1996,CA
1996,US
1996,CA
1996,RU
1996,CZ
1996,CA
1996,CA
1996,CA
1996,RU
1996,FI
1996,CA
1996,CA
1996,SK
1996,CA
1996,CA
1996,CA
1996,US
1996,CA
1996,CA
1996,US
1996,CZ
1996,CA
1996,RU
1996,CH
1996,CA
1996,RU
1996,CA
1996,CA
1996,DE
1996,CA
1996,US
1996,CA
1996,SK
1996,CA
1996,CA
1996,CA
1996,CA
1996,US
1996,CA
1996,BN
1996,SE
1996,FI
1996,CA
1996,SK
1996,SK
1996,RU
1996,CA
1996,RU
1996,CA
1996,CA
1996,SE
1996,CA
1996,RU
1996,SE
1996,FI
1996,FI
1996,US
1996,RU
1995,US
1995,CA
1995,FI
1995,CA
1995,CA
1995,CA
1995,CA
1995,CA
1995,CA
1995,CZ
1995,CA
1995,FI
1995,CA
1995,CA
1995,CA
1995,CA
1995,CA
1995,CZ
1995,RU
1995,CA
1995,CA
1995,US
1995,FI
1995,RU
1995,CA
1995,RU
1995,CA
1995,CZ
1995,CA
1995,CA
1995,CA
1995,CA
1995,CA
1995,CA
1995,RU
1995,CA
1995,CA
1995,US
1995,CA
1995,CA
1995,CA
1995,CA
1995,CA
1995,CA
1995,CA
1995,RU
1995,CA
1995,CA
1995,DE
1995,CZ
1995,CA
1995,CA
1995,CA
1995,CA
1995,CA
1995,CA
1995,CZ
1995,CA
1995,RU
1995,CZ
1995,CA
1995,CA
1995,CZ
1995,FI
1995,CA
1995,CA
1995,CA
1995,CA
1995,RU
1995,RU
1995,CA
1995,CA
1995,US
1995,AT
1995,CA
1995,CA
1995,CA
1995,CA
1995,CA
1995,CA
1995,FI
1995,CA
1995,CA
1995,CA
1995,CA
1995,CA
1995,FI
1995,SE
1995,CA
1995,FI
1995,CA
1995,CA
1995,CA
1995,CA
1995,CA
1995,SE
1995,CZ
1995,SE
1995,CA
1995,SK
1995,SK
1995,RU
1995,CA
1995,RU
1995,CA
1995,SK
1995,RU
1995,UA
1995,CZ
1995,RU
1995,CZ
1995,SE
1995,CA
1995,CA
1995,CA
1995,FI
1995,US
1995,CA
1995,CA
1995,CA
1995,US
1995,CA
1995,CA
1995,CA
1995,CA
1995,DE
1995,CA
1995,CZ
1995,US
1995,CZ
1995,CZ
1995,RU
1995,CA
1995,RU
1995,CA
1995,CA
1995,RU
1995,CA
1995,US
1995,FI
1995,CA
1995,CZ
1995,SK
1995,CA
1995,CA
1995,US
1995,CA
1995,CA
1995,CA
1995,CA
1995,RU
1995,CZ
1995,CA
1995,RU
1995,CA
1995,CA
1995,CA
1995,CA
1995,CA
1995,CA
1995,SK
1995,CA
1995,FI
1995,CA
1995,CA
1995,CA
1995,CA
1995,CZ
1995,US
1995,CA
1995,CZ
1995,CA
1995,CA
1995,CA
1995,CA
1995,CA
1995,SE
1995,CZ
1995,CA
1995,CA
1995,CA
1995,SE
1995,FI
1995,CA
1995,UA
1995,CA
1995,CA
1995,SK
1995,SE
1995,CA
1995,SK
1995,CZ
1995,UA
1995,US
1995,RU
1995,CA
1995,US
1995,CA
1995,RU
1995,CA
1995,US
1995,RU
1995,RU
1995,RU
1995,CA
1995,RU
1995,FI
1995,RU
1995,CZ
1995,CA
1995,CA
1995,CA
1995,CZ
1995,CA
1995,CA
1995,CA
1995,US
1995,CA
1995,CA
1995,FI
1995,CA
1995,CA
1995,RU
1995,CA
1995,US
1995,CA
1995,CA
1995,CA
1995,CA
1995,CA
1995,US
1995,CA
1995,US
1995,SE
1994,CA
1994,UA
1994,CZ
1994,US
1994,CA
1994,CA
1994,CA
1994,CA
1994,CA
1994,CA
1994,CA
1994,CA
1994,SE
1994,CA
1994,RU
1994,CA
1994,CA
1994,CA
1994,CA
1994,CA
1994,RU
1994,US
1994,RU
1994,CA
1994,RU
1994,CA
1994,CA
1994,SE
1994,CZ
1994,US
1994,CA
1994,CA
1994,CA
1994,CA
1994,CZ
1994,CA
1994,CZ
1994,CA
1994,CA
1994,CA
1994,CA
1994,CA
1994,CA
1994,CA
1994,UZ
1994,CA
1994,CA
1994,US
1994,CA
1994,KR
1994,CZ
1994,SK
1994,CA
1994,CA
1994,RU
1994,CA
1994,DE
1994,CA
1994,RU
1994,CA
1994,CA
1994,RU
1994,CA
1994,SE
1994,CA
1994,RU
1994,CA
1994,CA
1994,NG
1994,FI
1994,CA
1994,US
1994,CA
1994,CA
1994,CA
1994,RU
1994,US
1994,CA
1994,CA
1994,CA
1994,US
1994,CA
1994,CA
1994,CA
1994,CA
1994,RU
1994,CZ
1994,CA
1994,CZ
1994,CA
1994,CA
1994,CA
1994,US
1994,CA
1994,FI
1994,FI
1994,SE
1994,CA
1994,US
1994,RU
1994,CA
1994,US
1994,CZ
1994,CA
1994,CA
1994,CZ
1994,SE
1994,CA
1994,CA
1994,US
1994,CA
1994,CA
1994,US
1994,CA
1994,US
1994,US
1994,CA
1994,CA
1994,CA
1994,SE
1994,UA
1994,CA
1994,DE
1994,CA
1994,CA
1994,CA
1994,CA
1994,US
1994,CA
1994,CA
1994,US
1994,US
1994,SE
1994,US
1994,UA
1994,US
1994,US
1994,CA
1994,CA
1994,RU
1994,RU
1994,US
1994,CA
1994,CA
1994,RU
1994,CA
1994,CA
1994,CA
1994,SE
1994,RU
1994,US
1994,CA
1994,RU
1994,RU
1994,CA
1994,CA
1994,CA
1994,US
1994,US
1994,CA
1994,CA
1994,RU
1994,CA
1994,CA
1994,CA
1994,CA
1994,RU
1994,CA
1994,RU
1994,CA
1994,CA
1994,CZ
1994,CA
1994,CA
1994,CZ
1994,CA
1994,CA
1994,FI
1994,CA
1994,US
1994,CA
1994,UA
1994,CA
1994,CA
1994,CA
1994,RU
1994,US
1994,CA
1994,CA
1994,RU
1994,CA
1994,CA
1994,CA
1994,CA
1994,CA
1994,CA
1994,US
1994,CA
1994,CA
1994,SE
1994,CA
1994,CA
1994,SE
1994,CA
1994,CA
1994,KZ
1994,CA
1994,US
1994,KZ
1994,CA
1994,CA
1994,SE
1994,CA
1994,CA
1994,CZ
1994,RU
1994,US
1994,SE
1994,KZ
1994,CA
1994,CA
1994,CZ
1994,US
1994,CA
1994,CA
1994,CZ
1994,SE
1994,CA
1994,US
1994,CA
1994,US
1994,US
1994,CA
1994,CA
1994,FI
1994,FI
1994,US
1994,US
1994,US
1994,CZ
1994,RU
1994,CA
1994,CA
1994,CA
1994,US
1994,CA
1994,CA
1994,CH
1994,SK
1994,CA
1994,CA
1994,US
1994,US
1994,CA
1994,CA
1994,RU
1994,SE
1994,RU
1994,US
1994,SK
1994,SE
1994,US
1994,US
1994,CA
1994,CA
1994,CZ
1994,CA
1994,US
1994,US
1994,CZ
1994,CA
1994,SE
1994,CA
1994,FI
1994,RU
1994,US
1994,CA
1994,CA
1994,RU
1994,CA
1994,RU
1994,US
1994,EE
1994,US
1994,CA
1994,SE
1993,CA
1993,CA
1993,CA
1993,CA
1993,CA
1993,RU
1993,CA
1993,SE
1993,CA
1993,CA
1993,CA
1993,SE
1993,CA
1993,CA
1993,SE
1993,CA
1993,CA
1993,SE
1993,US
1993,CA
1993,FI
1993,SE
1993,CA
1993,CA
1993,US
1993,SE
1993,CZ
1993,CA
1993,CA
1993,RU
1993,CA
1993,US
1993,CZ
1993,CA
1993,US
1993,FI
1993,RU
1993,RU
1993,CA
1993,CA
1993,CA
1993,CA
1993,RU
1993,CA
1993,CZ
1993,CA
1993,US
1993,US
1993,CA
1993,CA
1993,US
1993,CA
1993,CA
1993,UA
1993,CA
1993,RU
1993,CA
1993,FI
1993,US
1993,RU
1993,RU
1993,CA
1993,CA
1993,US
1993,PL
1993,RU
1993,SE
1993,US
1993,CA
1993,US
1993,CZ
1993,CZ
1993,CA
1993,US
1993,US
1993,CA
1993,CZ
1993,CA
1993,RU
1993,RU
1993,CZ
1993,CA
1993,US
1993,US
1993,US
1993,BY
1993,CA
1993,CA
1993,CA
1993,CA
1993,CA
1993,CA
1993,RU
1993,CA
1993,CA
1993,CA
1993,CA
1993,CA
1993,CA
1993,CA
1993,CA
1993,PL
1993,US
1993,SE
1993,CA
1993,UA
1993,CA
1993,RU
1993,CA
1993,CA
1993,SK
1993,CA
1993,CA
1993,RU
1993,CA
1993,SK
1993,US
1993,SE
1993,CA
1993,CZ
1993,CA
1993,US
1993,CZ
1993,CA
1993,CA
1993,CA
1993,NO
1993,FI
1993,RU
1993,US
1993,CA
1993,FI
1993,CA
1993,FI
1993,CA
1993,US
1993,US
1993,CA
1993,SE
1993,US
1993,CA
1993,CA
1993,CA
1993,CA
1993,CZ
1993,FI
1993,CA
1993,SE
1993,US
1993,CA
1993,CA
1993,CA
1993,CA
1993,SE
1993,CA
1993,CA
1993,RU
1993,KZ
1993,CA
1993,US
1993,CA
1993,RU
1993,RU
1993,US
1993,CA
1993,US
1993,CA
1993,UA
1993,RU
1993,CA
1993,CA
1993,US
1993,US
1993,CA
1993,CA
1993,RU
1993,US
1993,RU
1993,CA
1993,US
1993,US
1993,CA
1993,CA
1993,CA
1993,CA
1993,US
1993,CA
1993,CA
1993,CZ
1993,US
1993,US
1993,CA
1993,US
1993,CA
1993,CA
1993,CA
1993,CA
1993,CA
1993,CA
1993,US
1993,CA
1993,CA
1993,CA
1993,CZ
1993,CZ
1993,RU
1993,US
1993,CA
1993,US
1993,SE
1993,CA
1993,BY
1993,CA
1993,RU
1993,US
1993,CA
1993,RU
1993,US
1993,US
1993,CA
1993,CA
1993,SE
1993,RU
1993,SK
1993,CA
1993,US
1993,SK
1993,LV
1993,CA
1993,US
1993,CA
1993,CA
1993,CA
1993,US
1993,US
1993,CA
1993,CA
1993,RU
1993,US
1993,CA
1993,RU
1993,RU
1993,CA
1993,CA
1993,CZ
1993,CA
1993,CA
1993,CA
1993,CA
1993,FI
1993,DE
1993,RU
1993,CA
1993,SE
1993,US
1993,US
1993,CA
1993,CA
1993,SE
1993,RU
1993,RU
1993,CA
1993,CA
1993,US
1993,CA
1993,RU
1993,RU
1993,RU
1993,US
1993,US
1993,UA
1993,CA
1993,CA
1993,CA
1993,SE
1993,CH
1993,CA
1993,CA
1993,RU
1993,RU
1993,US
1993,US
1993,US
1993,US
1993,CA
1993,SE
1992,CZ
1992,RU
1992,CA
1992,CA
1992,LT
1992,CA
1992,CA
1992,CA
1992,SK
1992,RU
1992,CA
1992,RU
1992,US
1992,RU
1992,CA
1992,RU
1992,RU
1992,CA
1992,CZ
1992,US
1992,CZ
1992,CA
1992,CA
1992,US
1992,CA
1992,CA
1992,RU
1992,CA
1992,FI
1992,US
1992,RU
1992,US
1992,RU
1992,FI
1992,SK
1992,CA
1992,CZ
1992,RU
1992,CA
1992,CA
1992,RU
1992,RU
1992,CA
1992,CA
1992,CA
1992,CA
1992,RU
1992,SE
1992,CA
1992,CA
1992,RU
1992,CA
1992,DE
1992,SE
1992,LV
1992,CA
1992,CZ
1992,CA
1992,CZ
1992,US
1992,CA
1992,RU
1992,BS
1992,RU
1992,CA
1992,CA
1992,CA
1992,CA
1992,US
1992,CA
1992,CA
1992,CA
1992,CZ
1992,CA
1992,CZ
1992,CA
1992,RU
1992,SK
1992,CA
1992,CA
1992,US
1992,CA
1992,CA
1992,CA
1992,US
1992,CA
1992,GB
1992,FI
1992,CA
1992,RU
1992,CA
1992,CA
1992,CA
1992,US
1992,CA
1992,CA
1992,CA
1992,CA
1992,SE
1992,US
1992,FI
1992,FI
1992,RU
1992,CZ
1992,CA
1992,CA
1992,FI
1992,RU
1992,CA
1992,CA
1992,CA
1992,CA
1992,CA
1992,CA
1992,CA
1992,US
1992,CA
1992,US
1992,US
1992,RU
1992,CA
1992,CA
1992,CZ
1992,CA
1992,SE
1992,RU
1992,RU
1992,CA
1992,CA
1992,CA
1992,CA
1992,RU
1992,CZ
1992,US
1992,CA
1992,RU
1992,CA
1992,US
1992,RU
1992,CZ
1992,CA
1992,CA
1992,CA
1992,CA
1992,CA
1992,CZ
1992,CA
1992,CA
1992,CZ
1992,CZ
1992,US
1992,RU
1992,CA
1992,CA
1992,RU
1992,RU
1992,CA
1992,CA
1992,CA
1992,CA
1992,CA
1992,CA
1992,CZ
1992,CA
1992,CA
1992,CA
1992,CA
1992,US
1992,US
1992,US
1992,CA
1992,CA
1992,CA
1992,US
1992,CA
1992,CA
1992,RU
1992,FI
1992,CA
1992,RU
1992,CA
1992,US
1992,US
1992,CA
1992,CA
1992,CA
1992,US
1992,CA
1992,CA
1992,CA
1992,CA
1992,CA
1992,CA
1992,CA
1992,CA
1992,CA
1992,CA
1992,US
1992,SE
1992,CA
1992,US
1992,SE
1992,CA
1992,RU
1992,FI
1992,CA
1992,SE
1992,SE
1992,US
1992,CA
1992,US
1992,US
1992,CA
1992,CA
1992,CA
1992,US
1992,CA
1992,CA
1992,RU
1992,CA
1992,RU
1992,SE
1992,CA
1992,US
1992,CA
1992,US
1992,CA
1992,RU
1992,FI
1992,UZ
1992,CA
1992,CA
1992,CA
1992,CA
1992,US
1992,CA
1992,CA
1992,CA
1992,US
1992,RU
1992,CA
1992,CZ
1992,LV
1992,US
1992,CA
1992,RU
1992,CA
1992,RU
1992,SE
1992,US
1992,CA
1992,RU
1992,US
1992,RU
1992,FI
1992,RU
1992,RU
1992,RU
1992,US
1992,JP
1992,CA
1992,CA
1992,CA
1992,SE
1991,CA
1991,CA
1991,CA
1991,US
1991,CA
1991,SE
1991,CA
1991,CA
1991,CA
1991,CA
1991,US
1991,CA
1991,CA
1991,US
1991,RU
1991,SE
1991,US
1991,CA
1991,SE
1991,CZ
1991,CA
1991,CA
1991,CA
1991,CA
1991,CA
1991,SK
1991,CA
1991,US
1991,CA
1991,LV
1991,CZ
1991,CA
1991,CA
1991,CA
1991,CA
1991,CA
1991,CA
1991,US
1991,US
1991,SK
1991,CA
1991,CA
1991,US
1991,CA
1991,CA
1991,US
1991,CA
1991,CA
1991,RU
1991,CA
1991,CA
1991,CA
1991,US
1991,CA
1991,SE
1991,US
1991,CA
1991,US
1991,SE
1991,CA
1991,CA
1991,CA
1991,CA
1991,CA
1991,CA
1991,CA
1991,CA
1991,CA
1991,CA
1991,CZ
1991,RU
1991,CA
1991,CZ
1991,CA
1991,US
1991,CA
1991,US
1991,CA
1991,CA
1991,CA
1991,UA
1991,US
1991,CA
1991,CA
1991,US
1991,US
1991,CA
1991,CA
1991,CA
1991,CA
1991,FI
1991,CA
1991,US
1991,CA
1991,CA
1991,US
1991,CA
1991,RU
1991,RU
1991,CA
1991,CA
1991,RU
1991,CA
1991,CA
1991,US
1991,PL
1991,US
1991,CH
1991,US
1991,CA
1991,SE
1991,CA
1991,CA
1991,US
1991,CA
1991,CA
1991,RU
1991,CA
1991,CA
1991,RU
1991,CA
1991,RU
1991,CA
1991,US
1991,SE
1991,US
1991,RU
1991,CA
1991,CA
1991,US
1991,CA
1991,CA
1991,CZ
1991,SE
1991,CZ
1991,SE
1991,CA
1991,RU
1991,CA
1991,US
1991,US
1991,RU
1991,CA
1991,CA
1991,CA
1991,CA
1991,US
1991,CA
1991,US
1991,US
1991,CA
1991,US
1991,CA
1991,CA
1991,US
1991,FI
1991,CA
1991,CA
1991,CA
1991,RU
1991,US
1991,CZ
1991,CA
1991,US
1991,CA
1991,CA
1991,CZ
1991,CA
1991,CA
1991,US
1991,CA
1991,US
1991,CA
1991,CA
1991,US
1991,CA
1991,US
1991,US
1991,CA
1991,CA
1991,CA
1991,US
1991,US
1991,US
1991,CA
1991,CA
1991,US
1991,US
1991,CA
1991,CA
1991,RU
1991,US
1991,CA
1991,US
1991,CA
1991,CA
1991,US
1991,US
1991,CA
1991,US
1991,CA
1991,US
1991,RU
1991,US
1991,CA
1991,CA
1991,CA
1991,CA
1991,CA
1991,NO
1991,CA
1991,CA
1991,CA
1991,US
1991,CA
1991,CA
1991,RU
1991,SE
1991,CA
1991,BY
1991,US
1991,US
1991,US
1991,SE
1991,CA
1991,CA
1991,CA
1991,CA
1991,US
1991,US
1991,CA
1991,RU
1991,RU
1991,CA
1991,RU
1991,CA
1991,US
1991,US
1991,FI
1991,CA
1991,US
1991,US
1991,RU
1991,CA
1991,CA
1991,US
1991,RU
1991,CA
1991,CA
1991,FI
1991,US
1991,CA
1991,CA
1991,FI
1991,CA
1991,CA
1991,CA
1991,FI
1991,US
1991,DE
1991,RU
1991,CA
1991,US
1991,US
1990,GB
1990,CZ
1990,CA
1990,CA
1990,CZ
1990,CA
1990,CA
1990,US
1990,CA
1990,CA
1990,CA
1990,CA
1990,CA
1990,CA
1990,CA
1990,CA
1990,CA
1990,CA
1990,US
1990,CA
1990,US
1990,CA
1990,CZ
1990,CA
1990,CA
1990,CA
1990,CA
1990,CA
1990,US
1990,CA
1990,CA
1990,FI
1990,US
1990,US
1990,US
1990,CA
1990,SK
1990,CA
1990,CA
1990,SE
1990,CA
1990,CA
1990,CA
1990,CA
1990,RU
1990,CA
1990,CA
1990,US
1990,CA
1990,CA
1990,CA
1990,CA
1990,US
1990,CA
1990,CA
1990,CA
1990,CA
1990,CA
1990,US
1990,CA
1990,US
1990,US
1990,CA
1990,CA
1990,CA
1990,CA
1990,CA
1990,US
1990,US
1990,US
1990,CA
1990,CA
1990,US
1990,CZ
1990,US
1990,US
1990,RU
1990,CA
1990,US
1990,CA
1990,CA
1990,US
1990,CA
1990,US
1990,RU
1990,CA
1990,US
1990,CA
1990,US
1990,US
1990,CA
1990,CA
1990,CA
1990,CA
1990,CA
1990,CA
1990,CZ
1990,CA
1990,CZ
1990,CA
1990,US
1990,CA
1990,CA
1990,CZ
1990,CA
1990,CA
1990,US
1990,CA
1990,RU
1990,CA
1990,FI
1990,SE
1990,CZ
1990,RU
1990,RU
1990,CZ
1990,US
1990,US
1990,SE
1990,US
1990,US
1990,FI
1990,US
1990,US
1990,US
1990,CA
1990,CA
1990,CA
1990,CA
1990,SE
1990,CA
1990,US
1990,CZ
1990,US
1990,CZ
1990,CA
1990,US
1990,US
1990,US
1990,US
1990,CZ
1990,RU
1990,CA
1990,US
1990,US
1990,RU
1990,US
1990,RU
1990,CA
1990,CA
1990,SE
1990,FI
1990,CA
1990,US
1990,CA
1990,UA
1990,CA
1990,RU
1990,CA
1990,US
1990,SE
1990,CA
1990,CA
1990,CZ
1990,CA
1990,CZ
1990,US
1990,US
1990,CA
1990,CA
1990,US
1990,FI
1990,SK
1990,US
1990,CA
1990,US
1990,US
1990,CZ
1990,CZ
1990,US
1990,US
1990,FI
1990,CA
1990,CA
1990,CZ
1990,US
1990,CA
1990,US
1990,CA
1990,CA
1990,CA
1990,US
1990,US
1990,US
1990,DE
1990,SE
1990,CA
1990,US
1990,US
1990,CA
1990,CA
1990,US
1990,FI
1990,NO
1990,US
1990,CZ
1990,US
1990,CA
1990,CA
1990,US
1990,FI
1990,CA
1990,US
1990,SE
1990,CA
1990,CA
1990,CA
1990,NO
1990,CA
1990,US
1990,RU
1990,CA
1990,US
1990,RU
1990,NO
1990,CA
1990,
1990,CA
1990,US
1990,
1990,CA
1990,CA
1990,FI
1990,CA
1990,US
1990,US
1990,US
1990,CA
1990,US
1990,CA
1990,CA
1990,US
1990,US
1990,RU
1990,CA
1990,CA
1990,CA
1990,FI
1990,RU
1990,CA
1990,CZ
1990,CA
1989,SE
1989,CA
1989,CA
1989,CA
1989,US
1989,CA
1989,US
1989,CA
1989,CA
1989,CZ
1989,CA
1989,CA
1989,CA
1989,CA
1989,CA
1989,CA
1989,CA
1989,CA
1989,ZA
1989,CA
1989,CA
1989,CA
1989,CA
1989,CA
1989,CA
1989,CA
1989,CA
1989,CA
1989,US
1989,CA
1989,CA
1989,CA
1989,CA
1989,SE
1989,GB
1989,CA
1989,CA
1989,CA
1989,CA
1989,CA
1989,CA
1989,US
1989,CA
1989,US
1989,CA
1989,CA
1989,CA
1989,US
1989,CA
1989,FI
1989,CA
1989,CA
1989,SE
1989,CA
1989,US
1989,US
1989,CA
1989,US
1989,CA
1989,CA
1989,CA
1989,CA
1989,CA
1989,US
1989,CA
1989,US
1989,US
1989,SE
1989,CA
1989,CZ
1989,US
1989,CA
1989,CA
1989,RU
1989,CA
1989,CA
1989,CA
1989,CZ
1989,CA
1989,CA
1989,US
1989,US
1989,CA
1989,US
1989,CA
1989,US
1989,CA
1989,US
1989,US
1989,CA
1989,US
1989,CA
1989,CA
1989,CA
1989,CA
1989,US
1989,CA
1989,CA
1989,US
1989,US
1989,CA
1989,CA
1989,US
1989,CA
1989,US
1989,CA
1989,US
1989,US
1989,US
1989,US
1989,FI
1989,CA
1989,RU
1989,US
1989,CA
1989,CA
1989,SE
1989,CA
1989,CA
1989,RU
1989,US
1989,US
1989,SE
1989,CA
1989,US
1989,CA
1989,RU
1989,US
1989,US
1989,FI
1989,US
1989,CA
1989,US
1989,CA
1989,CA
1989,CA
1989,US
1989,US
1989,CA
1989,CA
1989,RU
1989,US
1989,SK
1989,US
1989,CA
1989,US
1989,CA
1989,CA
1989,CA
1989,CA
1989,CA
1989,SU
1989,CZ
1989,US
1989,CA
1989,US
1989,CA
1989,US
1989,US
1989,CA
1989,US
1989,CA
1989,US
1989,CA
1989,CA
1989,CA
1989,CA
1989,US
1989,RU
1989,US
1989,US
1989,CA
1989,CA
1989,CA
1989,US
1989,CA
1989,US
1989,CA
1989,CA
1989,US
1989,US
1989,US
1989,CA
1989,CA
1989,US
1989,CZ
1989,CA
1989,CA
1989,RU
1989,RU
1989,RU
1989,US
1989,US
1989,CA
1989,CA
1989,LV
1989,CA
1989,US
1989,CA
1989,CA
1989,CA
1989,RU
1989,CA
1989,US
1989,US
1989,CA
1989,CA
1989,CZ
1989,US
1989,US
1989,CA
1989,CA
1989,CA
1989,US
1989,CA
1989,CA
1989,US
1989,US
1989,US
1989,CA
1989,RU
1989,CA
1989,CA
1989,CA
1989,CZ
1989,CA
1989,US
1989,CA
1989,RU
1989,US
1989,RU
1989,US
1989,CA
1989,CA
1989,RU
1989,SE
1989,US
1989,LV
1989,CA
1989,RU
1989,CA
1989,US
1989,US
1989,CA
1989,US
1989,US
1989,CA
1989,SE
1989,CA
1989,CA
1989,CA
1989,SE
1988,US
1988,CA
1988,CA
1988,CA
1988,CA
1988,CA
1988,CA
1988,US
1988,CA
1988,FI
1988,CA
1988,CA
1988,CA
1988,CA
1988,CA
1988,CA
1988,CA
1988,CA
1988,CA
1988,CA
1988,CA
1988,CA
1988,CA
1988,CA
1988,CA
1988,CA
1988,CA
1988,CA
1988,CA
1988,CA
1988,CA
1988,US
1988,SE
1988,CA
1988,CA
1988,CA
1988,CA
1988,CA
1988,FI
1988,CA
1988,CA
1988,US
1988,US
1988,CA
1988,FI
1988,US
1988,CA
1988,CA
1988,CA
1988,CA
1988,CA
1988,CA
1988,CA
1988,SK
1988,CA
1988,CA
1988,CA
1988,CA
1988,CZ
1988,US
1988,CA
1988,CA
1988,CA
1988,US
1988,CA
1988,CA
1988,CA
1988,US
1988,US
1988,CA
1988,SE
1988,CA
1988,CA
1988,CA
1988,CA
1988,US
1988,US
1988,CA
1988,CA
1988,CA
1988,CA
1988,CA
1988,SE
1988,US
1988,SE
1988,CA
1988,CA
1988,CA
1988,RU
1988,US
1988,US
1988,US
1988,SE
1988,CA
1988,US
1988,US
1988,CA
1988,US
1988,CA
1988,CA
1988,CA
1988,US
1988,CA
1988,CA
1988,US
1988,US
1988,CA
1988,CA
1988,CA
1988,CA
1988,CZ
1988,SE
1988,CA
1988,CA
1988,US
1988,CA
1988,US
1988,US
1988,US
1988,UA
1988,US
1988,CA
1988,US
1988,CA
1988,SE
1988,SE
1988,SE
1988,CA
1988,RU
1988,CA
1988,CA
1988,US
1988,US
1988,CA
1988,US
1988,FI
1988,CA
1988,US
1988,CA
1988,CA
1988,CA
1988,CA
1988,CA
1988,CA
1988,CA
1988,US
1988,SE
1988,CA
1988,CA
1988,FI
1988,US
1988,CA
1988,SE
1988,FI
1988,US
1988,US
1988,US
1988,US
1988,US
1988,US
1988,SE
1988,CA
1988,US
1988,US
1988,CA
1988,US
1988,US
1988,CA
1988,US
1988,SE
1988,CA
1988,US
1988,US
1988,US
1988,US
1988,US
1988,CA
1988,US
1988,US
1988,RU
1988,CA
1988,CA
1988,CZ
1988,US
1988,CA
1988,US
1988,US
1988,LV
1988,US
1988,FI
1988,CA
1988,CA
1988,CA
1988,CA
1988,US
1988,CA
1988,CA
1988,US
1988,RU
1988,CA
1988,CA
1988,US
1988,US
1988,CA
1988,US
1988,CA
1988,RU
1988,RU
1988,BY
1988,CA
1988,US
1988,US
1988,RU
1988,US
1988,CA
1988,US
1988,CA
1988,US
1988,US
1988,CA
1988,CA
1988,US
1988,US
1988,US
1988,US
1988,US
1988,CA
1988,US
1988,CA
1988,CA
1988,US
1988,CA
1988,SE
1988,CA
1988,CA
1988,US
1988,CA
1988,US
1988,DE
1988,US
1988,CA
1988,US
1988,DE
1988,US
1988,CZ
1988,US
1988,US
1988,US
1988,CA
1988,CA
1988,CA
1988,RU
1987,CA
1987,CA
1987,CA
1987,CA
1987,CA
1987,CA
1987,CA
1987,CA
1987,CA
1987,CA
1987,CA
1987,CA
1987,CA
1987,CA
1987,CA
1987,CA
1987,CA
1987,CA
1987,CA
1987,CA
1987,CA
1987,CA
1987,SE
1987,CA
1987,CA
1987,CA
1987,CA
1987,CA
1987,CA
1987,CA
1987,CA
1987,CA
1987,US
1987,CA
1987,CA
1987,CA
1987,SE
1987,CA
1987,US
1987,CA
1987,CA
1987,CA
1987,CA
1987,US
1987,CA
1987,CA
1987,US
1987,CA
1987,CA
1987,CA
1987,CA
1987,CA
1987,CA
1987,CA
1987,CA
1987,CA
1987,CA
1987,CA
1987,SE
1987,CA
1987,CA
1987,CZ
1987,CA
1987,SE
1987,US
1987,US
1987,CA
1987,FI
1987,US
1987,CA
1987,US
1987,US
1987,US
1987,CA
1987,CA
1987,CA
1987,US
1987,CA
1987,CA
1987,US
1987,CA
1987,CA
1987,SE
1987,US
1987,US
1987,US
1987,US
1987,FI
1987,CA
1987,US
1987,CA
1987,SE
1987,US
1987,US
1987,CZ
1987,US
1987,CZ
1987,US
1987,CA
1987,US
1987,US
1987,CA
1987,CA
1987,US
1987,CA
1987,US
1987,US
1987,CA
1987,CA
1987,US
1987,CA
1987,US
1987,CA
1987,US
1987,CZ
1987,CA
1987,CA
1987,CA
1987,US
1987,US
1987,US
1987,US
1987,CA
1987,US
1987,US
1987,CZ
1987,US
1987,CA
1987,CA
1987,FI
1987,CA
1987,SE
1987,CA
1987,US
1987,US
1987,US
1987,US
1987,US
1987,NO
1987,US
1987,CA
1987,US
1987,US
1987,US
1987,US
1987,US
1987,CZ
1987,US
1987,US
1987,RU
1987,CA
1987,CZ
1987,US
1987,US
1987,US
1987,US
1987,US
1987,CA
1987,US
1987,US
1987,US
1987,SE
1987,FI
1987,US
1987,CA
1987,CA
1987,CA
1987,NO
1987,CA
1987,CA
1987,US
1987,FI
1987,US
1987,CA
1987,CA
1987,US
1987,CZ
1987,US
1987,FI
1987,CA
1987,US
1987,US
1987,CZ
1987,CA
1987,CA
1987,US
1987,US
1987,US
1987,CA
1987,CA
1987,CA
1987,US
1987,US
1987,CA
1987,US
1987,CA
1987,CA
1987,CA
1987,US
1987,CA
1987,US
1987,US
1987,CA
1987,CA
1987,CA
1987,CA
1987,US
1987,US
1987,US
1987,US
1987,US
1987,CA
1987,SE
1987,US
1987,US
1987,CZ
1987,US
1987,US
1987,US
1987,US
1987,US
1987,US
1987,US
1987,US
1987,DE
1987,US
1987,US
1987,US
1987,SE
1987,SK
1987,US
1987,CA
1987,CA
1987,US
1987,CA
1987,SE
1987,SE
1987,US
1987,US
1987,US
1987,DK
1987,SE
1987,CA
1987,US
1987,US
1987,CA
1987,SE
1987,US
1987,CA
1987,SE
1987,US
1987,RU
1986,CA
1986,US
1986,CA
1986,CA
1986,CA
1986,CA
1986,US
1986,CA
1986,US
1986,CA
1986,US
1986,CA
1986,US
1986,CA
1986,CA
1986,US
1986,US
1986,CA
1986,CA
1986,CA
1986,CA
1986,CA
1986,FI
1986,US
1986,US
1986,US
1986,CA
1986,CA
1986,FI
1986,CA
1986,US
1986,CA
1986,CA
1986,FI
1986,US
1986,CA
1986,DE
1986,US
1986,CA
1986,CA
1986,CA
1986,CA
1986,CA
1986,CA
1986,FI
1986,CA
1986,US
1986,CA
1986,CA
1986,FI
1986,CA
1986,US
1986,CA
1986,US
1986,CA
1986,CA
1986,FI
1986,CA
1986,CA
1986,CA
1986,CA
1986,CA
1986,CA
1986,CA
1986,CA
1986,SE
1986,CA
1986,CA
1986,CA
1986,CA
1986,FI
1986,CA
1986,CA
1986,CA
1986,CA
1986,CA
1986,CZ
1986,CA
1986,US
1986,CA
1986,CA
1986,CA
1986,CA
1986,CA
1986,SE
1986,US
1986,US
1986,US
1986,US
1986,CA
1986,CA
1986,CA
1986,CA
1986,CA
1986,CA
1986,FI
1986,CA
1986,CA
1986,CA
1986,US
1986,CA
1986,CA
1986,CA
1986,CA
1986,CA
1986,CA
1986,US
1986,CA
1986,CA
1986,CA
1986,CA
1986,CA
1986,CA
1986,US
1986,CA
1986,CA
1986,CA
1986,CA
1986,CA
1986,CA
1986,US
1986,US
1986,SE
1986,SE
1986,CA
1986,CA
1986,SE
1986,CA
1986,CA
1986,CA
1986,US
1986,CA
1986,US
1986,CA
1986,US
1986,CA
1986,US
1986,CA
1986,CA
1986,CA
1986,CA
1986,CA
1986,CA
1986,CA
1986,CA
1986,FI
1986,SK
1986,CA
1986,CA
1986,CA
1986,US
1986,CA
1986,US
1986,CA
1986,CA
1986,CA
1986,US
1986,CA
1986,US
1986,US
1986,US
1986,US
1986,US
1986,US
1986,CA
1986,CA
1986,CA
1986,CA
1986,CA
1986,CA
1986,US
1986,CA
1986,CA
1986,US
1986,US
1986,US
1986,US
1986,CA
1986,CA
1986,US
1986,US
1986,CA
1986,CZ
1986,CA
1986,US
1986,CA
1986,FI
1986,US
1986,BR
1986,CA
1986,CA
1986,CA
1986,CA
1986,CA
1986,CA
1986,CA
1986,US
1986,CA
1986,CA
1986,CA
1986,US
1986,CA
1986,CA
1986,CA
1986,CA
1986,CA
1986,US
1986,CA
1986,US
1986,US
1986,US
1986,US
1986,CA
1986,US
1986,CA
1986,CA
1986,CA
1986,CA
1986,CA
1986,CA
1986,CA
1986,CA
1986,SE
1986,US
1986,CA
1986,SE
1986,US
1986,CA
1986,US
1986,US
1986,SK
1986,SE
1986,CA
1986,US
1986,CA
1986,CA
1986,CA
1986,RU
1986,FI
1986,DK
1986,US
1986,CA
1986,US
1986,CA
1986,CA
1986,CZ
1986,CZ
1986,CA
1986,US
1986,CA
1986,US
1986,GB
1985,CA
1985,CA
1985,US
1985,CA
1985,CA
1985,CA
1985,SE
1985,CA
1985,CA
1985,CA
1985,CA
1985,CA
1985,CA
1985,SE
1985,CA
1985,US
1985,US
1985,CA
1985,CA
1985,CA
1985,CA
1985,CA
1985,CA
1985,CA
1985,CA
1985,CA
1985,CA
1985,US
1985,CA
1985,SE
1985,CA
1985,US
1985,US
1985,CA
1985,CA
1985,CA
1985,CA
1985,CA
1985,SE
1985,CA
1985,CA
1985,CA
1985,CA
1985,CA
1985,CA
1985,CA
1985,CA
1985,CA
1985,SE
1985,CA
1985,CA
1985,CA
1985,CA
1985,US
1985,CA
1985,CA
1985,US
1985,CA
1985,US
1985,CA
1985,CA
1985,CA
1985,CA
1985,CA
1985,US
1985,US
1985,CA
1985,CA
1985,CA
1985,CA
1985,US
1985,US
1985,US
1985,CA
1985,CA
1985,CA
1985,CA
1985,US
1985,CA
1985,SE
1985,SE
1985,CA
1985,CA
1985,US
1985,US
1985,CA
1985,CA
1985,CZ
1985,SE
1985,CA
1985,US
1985,US
1985,CZ
1985,CA
1985,CA
1985,US
1985,CA
1985,CA
1985,CA
1985,US
1985,FI
1985,US
1985,CA
1985,CZ
1985,CA
1985,CZ
1985,CA
1985,CA
1985,CZ
1985,CA
1985,US
1985,CA
1985,CA
1985,CA
1985,CA
1985,SE
1985,CA
1985,CA
1985,CA
1985,US
1985,US
1985,US
1985,US
1985,US
1985,CA
1985,US
1985,CA
1985,CA
1985,US
1985,CA
1985,CA
1985,US
1985,CA
1985,SE
1985,CA
1985,SE
1985,IT
1985,US
1985,CA
1985,FI
1985,CA
1985,CA
1985,CA
1985,CA
1985,CA
1985,CA
1985,CA
1985,US
1985,US
1985,US
1985,SE
1985,CA
1985,US
1985,CA
1985,US
1985,US
1985,CA
1985,CA
1985,US
1985,CA
1985,CA
1985,CA
1985,CA
1985,US
1985,CA
1985,CA
1985,CA
1985,US
1985,US
1985,KR
1985,CA
1985,CA
1985,US
1985,CA
1985,CA
1985,US
1985,CA
1985,CA
1985,CA
1985,US
1985,CA
1985,CZ
1985,CA
1985,CA
1985,CA
1985,CA
1985,CA
1985,CA
1985,CA
1985,US
1985,US
1985,US
1985,US
1985,CA
1985,US
1985,CA
1985,FI
1985,CA
1985,CA
1985,CA
1985,US
1985,CA
1985,US
1985,US
1985,US
1985,DE
1985,CA
1985,US
1985,CA
1985,US
1985,CA
1985,CA
1985,CA
1985,RU
1985,US
1985,CZ
1985,SE
1985,SE
1985,CA
1985,US
1985,CA
1985,US
1985,CA
1985,CA
1985,US
1985,CA
1985,RU
1985,CA
1985,CA
1985,CA
1985,CA
1985,CA
1985,CA
1985,US
1985,CA
1985,CA
1985,SE
1985,CA
1985,SE
1985,SK
1985,CA
1985,US
1985,US
1985,CA
1985,CA
1985,CA
1985,CA
1985,CA
1985,FI
1985,CA
1985,US
1985,CA
1984,CA
1984,CA
1984,US
1984,US
1984,CZ
1984,CA
1984,CA
1984,CA
1984,CA
1984,CA
1984,CA
1984,CA
1984,US
1984,CA
1984,CA
1984,CA
1984,US
1984,SE
1984,CA
1984,CA
1984,CA
1984,CA
1984,CA
1984,CA
1984,CA
1984,CA
1984,CA
1984,CA
1984,CA
1984,CA
1984,US
1984,CA
1984,CA
1984,US
1984,FI
1984,CA
1984,CA
1984,US
1984,CA
1984,CA
1984,CA
1984,CA
1984,CA
1984,CA
1984,CA
1984,CA
1984,CA
1984,CA
1984,CZ
1984,US
1984,CA
1984,CA
1984,CA
1984,CA
1984,CA
1984,US
1984,CA
1984,CA
1984,CZ
1984,CA
1984,CA
1984,US
1984,US
1984,CA
1984,US
1984,SE
1984,CA
1984,CA
1984,US
1984,US
1984,CA
1984,CA
1984,CA
1984,CA
1984,CZ
1984,CZ
1984,US
1984,CA
1984,US
1984,CA
1984,CA
1984,CA
1984,FI
1984,CA
1984,FI
1984,US
1984,US
1984,US
1984,CZ
1984,FI
1984,SE
1984,US
1984,US
1984,CA
1984,CA
1984,FI
1984,FI
1984,US
1984,CA
1984,CA
1984,CA
1984,US
1984,CA
1984,CA
1984,CA
1984,CA
1984,CA
1984,CA
1984,CA
1984,CA
1984,CA
1984,CA
1984,CA
1984,US
1984,CA
1984,US
1984,CA
1984,CA
1984,SE
1984,CA
1984,CA
1984,CA
1984,CA
1984,CA
1984,US
1984,SK
1984,US
1984,CA
1984,US
1984,US
1984,US
1984,CA
1984,SE
1984,CA
1984,CA
1984,CA
1984,CA
1984,CA
1984,CZ
1984,CA
1984,SE
1984,CA
1984,FI
1984,CA
1984,CA
1984,CA
1984,FI
1984,CA
1984,CZ
1984,CA
1984,CA
1984,SE
1984,CA
1984,SE
1984,US
1984,US
1984,CA
1984,US
1984,CZ
1984,US
1984,US
1984,FI
1984,CA
1984,CA
1984,SE
1984,CA
1984,CA
1984,CA
1984,CA
1984,US
1984,CA
1984,CA
1984,US
1984,CA
1984,CA
1984,CA
1984,CA
1984,CA
1984,CA
1984,US
1984,US
1984,FI
1984,CA
1984,US
1984,CA
1984,US
1984,CA
1984,DK
1984,US
1984,US
1984,CA
1984,US
1984,CA
1984,SE
1984,US
1984,CA
1984,CA
1984,US
1984,CA
1984,CZ
1984,US
1984,US
1984,CA
1984,CA
1984,CA
1984,CA
1984,CA
1984,CZ
1984,CA
1984,US
1984,FI
1984,CA
1984,US
1984,CA
1984,US
1984,CA
1984,CA
1984,CA
1984,CA
1984,CA
1984,SE
1984,US
1984,US
1984,CA
1984,RU
1984,CA
1984,US
1984,US
1984,CA
1984,CA
1984,US
1984,CA
1984,CZ
1984,CA
1984,US
1984,CA
1984,US
1984,CA
1984,CA
1984,CA
1984,CZ
1984,US
1984,CA
1984,SE
1984,SK
1984,SE
1984,US
1984,US
1984,CA
1984,CA
1983,US
1983,CA
1983,US
1983,CA
1983,US
1983,CA
1983,CA
1983,CA
1983,CA
1983,CA
1983,CA
1983,CA
1983,CA
1983,CA
1983,CA
1983,CA
1983,US
1983,CA
1983,CA
1983,US
1983,CA
1983,CA
1983,FI
1983,CA
1983,CA
1983,CA
1983,CA
1983,CA
1983,CA
1983,CA
1983,CA
1983,CA
1983,CA
1983,CA
1983,CA
1983,CA
1983,CA
1983,CZ
1983,US
1983,US
1983,CA
1983,CA
1983,US
1983,CA
1983,CA
1983,CA
1983,CA
1983,FI
1983,CA
1983,CA
1983,CA
1983,CA
1983,FI
1983,CA
1983,CA
1983,CA
1983,CA
1983,CA
1983,US
1983,SE
1983,CA
1983,CA
1983,CA
1983,FI
1983,CA
1983,CA
1983,CA
1983,CA
1983,CA
1983,CA
1983,SE
1983,CA
1983,US
1983,US
1983,US
1983,CA
1983,US
1983,FI
1983,US
1983,CA
1983,CA
1983,US
1983,US
1983,CZ
1983,US
1983,CA
1983,US
1983,CA
1983,CA
1983,US
1983,CA
1983,CA
1983,US
1983,CA
1983,US
1983,CA
1983,CA
1983,CA
1983,CA
1983,CA
1983,US
1983,CA
1983,CA
1983,US
1983,US
1983,CA
1983,CA
1983,US
1983,US
1983,CA
1983,FI
1983,US
1983,US
1983,CA
1983,US
1983,CA
1983,CA
1983,CA
1983,US
1983,CA
1983,CA
1983,CA
1983,CA
1983,CA
1983,CA
1983,CA
1983,CA
1983,US
1983,FI
1983,CA
1983,US
1983,US
1983,US
1983,CA
1983,CA
1983,CA
1983,CA
1983,CA
1983,CA
1983,RU
1983,CA
1983,CA
1983,CA
1983,CA
1983,SU
1983,CA
1983,SE
1983,US
1983,CA
1983,CA
1983,CA
1983,CA
1983,CA
1983,US
1983,SE
1983,CA
1983,US
1983,CA
1983,US
1983,US
1983,SE
1983,CA
1983,CA
1983,CA
1983,CA
1983,CA
1983,CA
1983,US
1983,US
1983,CA
1983,CA
1983,US
1983,CA
1983,CA
1983,US
1983,CA
1983,US
1983,CA
1983,CA
1983,CA
1983,CA
1983,US
1983,US
1983,US
1983,US
1983,CA
1983,CA
1983,CZ
1983,CA
1983,US
1983,CZ
1983,CA
1983,US
1983,US
1983,CA
1983,CA
1983,CA
1983,US
1983,CZ
1983,CA
1983,US
1983,CA
1983,CZ
1983,CA
1983,CA
1983,DE
1983,CA
1983,US
1983,US
1983,CA
1983,CA
1983,US
1983,CA
1983,CA
1983,CA
1983,RU
1983,US
1983,US
1983,CA
1983,US
1983,CA
1983,RU
1983,CA
1983,CA
1983,CA
1983,US
1983,US
1983,CA
1983,CZ
1983,CA
1983,US
1983,US
1983,SE
1983,CA
1983,US
1983,US
1983,US
1983,CA
1983,CZ
1983,CA
1983,US
1983,US
1982,CA
1982,CA
1982,CA
1982,CA
1982,CA
1982,US
1982,CA
1982,CA
1982,CA
1982,CA
1982,CA
1982,CA
1982,CA
1982,CA
1982,CA
1982,CA
1982,CA
1982,CA
1982,CA
1982,CA
1982,CA
1982,CA
1982,CA
1982,CA
1982,CZ
1982,US
1982,CA
1982,CA
1982,CA
1982,SE
1982,CA
1982,US
1982,US
1982,CA
1982,CA
1982,FI
1982,CA
1982,CA
1982,CA
1982,US
1982,CA
1982,CA
1982,CA
1982,CA
1982,CA
1982,CZ
1982,CA
1982,CA
1982,CA
1982,CA
1982,US
1982,CA
1982,CA
1982,CA
1982,CA
1982,CA
1982,US
1982,CZ
1982,US
1982,CA
1982,US
1982,CA
1982,CA
1982,CA
1982,CA
1982,US
1982,SE
1982,FI
1982,US
1982,CA
1982,CA
1982,CA
1982,CZ
1982,CA
1982,US
1982,CZ
1982,SE
1982,CA
1982,CA
1982,CA
1982,CZ
1982,CA
1982,CZ
1982,CA
1982,US
1982,CA
1982,CZ
1982,CA
1982,CA
1982,CA
1982,CA
1982,CA
1982,CA
1982,US
1982,SE
1982,US
1982,CA
1982,CA
1982,CA
1982,CA
1982,US
1982,CA
1982,US
1982,CA
1982,CA
1982,CA
1982,HT
1982,CA
1982,DE
1982,CA
1982,US
1982,US
1982,CA
1982,CA
1982,US
1982,CA
1982,US
1982,SE
1982,CA
1982,US
1982,SE
1982,US
1982,US
1982,CA
1982,FI
1982,CA
1982,CA
1982,US
1982,US
1982,US
1982,CA
1982,RU
1982,US
1982,CA
1982,CA
1982,CA
1982,CA
1982,US
1982,CA
1982,CA
1982,RU
1982,CA
1982,RU
1982,CA
1982,FI
1982,CA
1982,US
1982,CA
1982,CA
1982,CA
1982,US
1982,CA
1982,SE
1982,CA
1982,US
1982,CA
1982,CA
1982,CA
1982,US
1982,US
1982,CA
1982,SE
1982,CA
1982,US
1982,CA
1982,US
1982,CA
1982,US
1982,GB
1982,CA
1982,CZ
1982,CA
1982,CA
1982,CA
1982,CA
1982,US
1982,CA
1982,CA
1982,CA
1982,US
1982,CA
1982,SE
1982,US
1982,CA
1982,US
1982,CA
1982,US
1982,CA
1982,CA
1982,CA
1982,CA
1982,CA
1982,FI
1982,FI
1982,US
1982,CA
1982,US
1982,CA
1982,CA
1982,CA
1982,CA
1982,SK
1982,US
1982,CA
1982,CA
1982,CZ
1982,CA
1982,US
1982,CA
1982,CA
1982,US
1982,CA
1982,US
1982,SE
1982,CA
1982,US
1982,CA
1982,US
1982,US
1982,CA
1982,CA
1982,CA
1982,CA
1982,CA
1982,US
1982,US
1982,US
1982,SE
1982,CA
1982,CA
1982,US
1982,US
1982,CA
1982,CA
1982,CA
1982,CA
1982,SE
1982,CA
1982,US
1982,CA
1982,US
1982,CA
1982,SE
1982,SK
1982,US
1982,CA
1982,US
1982,SK
1982,CA
1982,US
1982,CA
1982,CA
1981,CA
1981,CA
1981,US
1981,CA
1981,CA
1981,CA
1981,CA
1981,CA
1981,CA
1981,CA
1981,CA
1981,CA
1981,CA
1981,CA
1981,CA
1981,CA
1981,CZ
1981,CA
1981,SE
1981,CA
1981,CA
1981,CA
1981,CA
1981,CA
1981,CA
1981,CA
1981,CA
1981,CA
1981,CA
1981,SE
1981,CA
1981,SE
1981,US
1981,US
1981,CA
1981,SE
1981,US
1981,FI
1981,CA
1981,US
1981,FI
1981,CA
1981,FI
1981,CA
1981,CA
1981,DE
1981,CA
1981,DE
1981,CA
1981,SE
1981,CA
1981,CA
1981,DE
1981,CA
1981,CA
1981,CA
1981,CA
1981,CA
1981,CA
1981,CA
1981,CA
1981,CA
1981,CA
1981,CA
1981,CA
1981,CA
1981,CA
1981,US
1981,CA
1981,CA
1981,CA
1981,US
1981,CA
1981,CA
1981,CA
1981,US
1981,CA
1981,SE
1981,CA
1981,CA
1981,CA
1981,SE
1981,SE
1981,CA
1981,US
1981,CA
1981,CA
1981,US
1981,CA
1981,CA
1981,PL
1981,CA
1981,CA
1981,CA
1981,US
1981,CA
1981,CA
1981,CA
1981,CA
1981,CA
1981,FI
1981,CA
1981,CA
1981,CA
1981,CA
1981,US
1981,CA
1981,CA
1981,CA
1981,CA
1981,GB
1981,CA
1981,CA
1981,US
1981,CA
1981,CA
1981,US
1981,US
1981,US
1981,CA
1981,CA
1981,CA
1981,CA
1981,US
1981,SE
1981,CA
1981,SE
1981,CA
1981,CA
1981,CA
1981,FI
1981,CA
1981,CA
1981,CA
1981,US
1981,CA
1981,SK
1981,CA
1981,CA
1981,SE
1981,US
1981,CA
1981,FI
1981,US
1981,US
1981,SE
1981,FI
1981,US
1981,US
1981,FI
1981,CA
1981,CA
1981,CA
1981,CA
1981,CA
1981,FI
1981,FI
1981,CA
1981,SE
1981,FI
1981,CA
1981,CA
1981,US
1981,CA
1981,CA
1981,US
1981,CA
1981,CA
1981,US
1981,CA
1981,US
1981,US
1981,US
1981,CA
1981,CA
1981,CZ
1981,US
1981,CA
1981,CA
1981,CA
1981,US
1981,CA
1981,US
1981,CA
1981,US
1981,CA
1981,CA
1981,CA
1981,CA
1981,CZ
1981,SE
1981,US
1981,CA
1981,CA
1981,CA
1981,CA
1981,CA
1981,CA
1981,CA
1981,FI
1981,CA
1981,US
1981,CA
1981,CA
1981,CA
1981,CA
1981,CA
1981,CA
1981,CA
1981,CA
1981,US
1980,CA
1980,CA
1980,CA
1980,CA
1980,CA
1980,CA
1980,CZ
1980,CA
1980,CA
1980,CA
1980,CA
1980,US
1980,CA
1980,CA
1980,CA
1980,CA
1980,CA
1980,CA
1980,CA
1980,CA
1980,CA
1980,CA
1980,US
1980,CA
1980,CA
1980,CA
1980,CA
1980,CA
1980,CA
1980,CA
1980,US
1980,CA
1980,CA
1980,CA
1980,CA
1980,CA
1980,CA
1980,CA
1980,CA
1980,CA
1980,CA
1980,CA
1980,CA
1980,CA
1980,CA
1980,CA
1980,CA
1980,CA
1980,CA
1980,CA
1980,CA
1980,CA
1980,CA
1980,US
1980,CA
1980,CA
1980,CA
1980,CA
1980,CA
1980,US
1980,US
1980,US
1980,CA
1980,CA
1980,CA
1980,US
1980,CA
1980,US
1980,FI
1980,CA
1980,CA
1980,CA
1980,CA
1980,CA
1980,US
1980,CA
1980,US
1980,CA
1980,US
1980,CA
1980,CA
1980,US
1980,CA
1980,CA
1980,CA
1980,CA
1980,CA
1980,CA
1980,FI
1980,CA
1980,CA
1980,CA
1980,CA
1980,FR
1980,US
1980,CA
1980,CA
1980,US
1980,US
1980,US
1980,US
1980,CA
1980,CA
1980,CA
1980,CA
1980,US
1980,CA
1980,US
1980,CA
1980,CA
1980,CA
1980,CA
1980,CA
1980,CA
1980,CA
1980,CA
1980,CA
1980,CA
1980,FI
1980,CA
1980,CA
1980,CA
1980,CA
1980,CA
1980,CA
1980,CA
1980,CA
1980,US
1980,CA
1980,CA
1980,US
1980,CA
1980,CA
1980,CA
1980,US
1980,CA
1980,CA
1980,SE
1980,CA
1980,CA
1980,CA
1980,CA
1980,US
1980,CA
1980,US
1980,FI
1980,CA
1980,CA
1980,CA
1980,CA
1980,CA
1980,US
1980,CA
1980,US
1980,CA
1980,CA
1980,US
1980,CA
1980,CA
1980,CA
1980,CA
1980,CA
1980,CA
1980,CA
1980,CA
1980,CA
1980,CA
1980,CA
1980,CA
1980,CA
1980,CA
1980,CA
1980,SE
1980,SE
1980,SE
1980,CA
1980,CA
1980,CA
1980,CA
1980,SE
1980,SE
1980,US
1980,CA
1980,US
1980,CA
1980,SE
1980,US
1980,CA
1980,CA
1980,CA
1980,CA
1980,US
1980,CA
1980,CA
1980,CA
1980,CA
1980,CA
1980,CA
1980,CA
1980,CA
1980,CA
1980,CA
1980,SE
1980,CA
1980,CA
1980,CA
1980,SE
1980,CA
1980,US
1980,US
1979,CA
1979,CA
1979,CA
1979,CA
1979,CA
1979,CA
1979,CA
1979,CA
1979,CA
1979,CA
1979,US
1979,CA
1979,CA
1979,CA
1979,CA
1979,CA
1979,CA
1979,CA
1979,CA
1979,CA
1979,CA
1979,CA
1979,CA
1979,CA
1979,SE
1979,CA
1979,CA
1979,CA
1979,CA
1979,CH
1979,CA
1979,CA
1979,CA
1979,US
1979,SE
1979,CA
1979,SE
1979,CA
1979,CA
1979,US
1979,CA
1979,US
1979,CA
1979,CA
1979,CA
1979,CA
1979,CA
1979,CA
1979,CA
1979,CA
1979,CA
1979,CA
1979,CA
1979,CA
1979,CA
1979,CA
1979,CA
1979,CA
1979,CA
1979,CA
1979,US
1979,US
1979,CA
1979,CA
1979,CA
1979,CA
1979,CA
1979,CA
1979,CA
1979,CA
1979,CA
1979,CA
1979,CA
1979,CA
1979,CA
1979,CA
1979,CA
1979,CA
1979,CA
1979,CA
1979,CA
1979,FR
1979,CZ
1979,CA
1979,CA
1979,CA
1979,CA
1979,CA
1979,CA
1979,CA
1979,CA
1979,US
1979,CA
1979,CA
1979,CA
1979,CA
1979,CA
1979,SE
1979,CA
1979,CA
1979,CA
1979,CA
1979,SE
1979,CA
1979,CA
1979,US
1979,CA
1979,CA
1979,CA
1979,CA
1979,CA
1979,CA
1979,CA
1979,US
1979,CA
1979,CA
1979,CA
1979,CA
1979,CA
1979,CA
1979,US
1979,CA
1979,CA
1979,CA
1979,CA
1979,CA
1978,CA
1978,CA
1978,CA
1978,CA
1978,CA
1978,CA
1978,CA
1978,CA
1978,DE
1978,CA
1978,CA
1978,CA
1978,CA
1978,CA
1978,CA
1978,CA
1978,CA
1978,CA
1978,CA
1978,CA
1978,CA
1978,US
1978,CA
1978,US
1978,CA
1978,CA
1978,CA
1978,CA
1978,CA
1978,CA
1978,CA
1978,CA
1978,CA
1978,CA
1978,CA
1978,CA
1978,CA
1978,CA
1978,CA
1978,CA
1978,GB
1978,CA
1978,CA
1978,US
1978,CA
1978,CA
1978,CA
1978,CA
1978,US
1978,CA
1978,CA
1978,CA
1978,CA
1978,CA
1978,SE
1978,SE
1978,CA
1978,CA
1978,US
1978,CA
1978,CA
1978,NO
1978,CA
1978,CA
1978,CA
1978,CA
1978,CA
1978,CA
1978,CA
1978,CA
1978,CA
1978,CA
1978,CA
1978,CA
1978,CA
1978,US
1978,CA
1978,CA
1978,CA
1978,CA
1978,CA
1978,CA
1978,CA
1978,US
1978,US
1978,CA
1978,US
1978,CA
1978,CA
1978,CA
1978,US
1978,CA
1978,CA
1978,CA
1978,CA
1978,US
1978,CA
1978,CA
1978,CA
1978,CA
1978,CA
1978,US
1978,CA
1978,CA
1978,SE
1978,CA
1978,CA
1978,CA
1978,FR
1978,CA
1978,US
1978,CA
1978,CA
1978,CA
1978,CA
1978,CA
1978,US
1978,CA
1978,CA
1978,CA
1978,CA
1978,CA
1978,CA
1978,US
1978,CA
1978,CA
1978,CA
1978,CA
1978,CA
1978,CA
1978,CA
1978,CA
1978,US
1978,CA
1978,CA
1978,US
1978,CA
1978,CA
1978,CA
1978,CA
1978,US
1978,CA
1978,CA
1978,CA
1978,CA
1978,CA
1978,CA
1978,CA
1978,US
1978,CA
1978,CA
1978,US
1978,CA
1978,US
1978,US
1978,CA
1978,CA
1978,CA
1978,US
1978,CA
1978,US
1978,CA
1978,CA
1978,US
1978,US
1978,CA
1978,CA
1978,US
1978,CA
1978,US
1978,CA
1978,US
1978,FI
1978,SE
1978,SE
1978,CA
1978,US
1978,CA
1978,CA
1978,CA
1978,CA
1978,US
1978,US
1978,SE
1978,US
1978,CA
1978,CA
1978,CA
1978,US
1978,FI
1978,CA
1978,CA
1978,CA
1978,CZ
1978,US
1978,DE
1978,CA
1978,SK
1978,SE
1978,DE
1978,RU
1978,CA
1978,RU
1978,SE
1978,CA
1978,US
1978,CA
1978,CA
1978,US
1978,CA
1978,CA
1978,US
1978,CA
1978,US
1978,CA
1978,US
1978,US
1978,US
1978,CA
1978,US
1978,CA
1978,US
1978,CA
1978,CA
1978,CA
1978,CA
1978,CA
1978,CA
1978,CA
1978,US
1978,US
1978,CA
1978,CA
1978,CA
1977,CA
1977,CA
1977,CA
1977,US
1977,CA
1977,CA
1977,CA
1977,CA
1977,CA
1977,CA
1977,CA
1977,CA
1977,CA
1977,CA
1977,CA
1977,CA
1977,CA
1977,CA
1977,CA
1977,CA
1977,CA
1977,CA
1977,CA
1977,CA
1977,CA
1977,CA
1977,CA
1977,CA
1977,CA
1977,CA
1977,CA
1977,CA
1977,CA
1977,CA
1977,US
1977,TW
1977,CA
1977,CA
1977,CA
1977,CA
1977,CA
1977,CA
1977,CA
1977,US
1977,CA
1977,CA
1977,CA
1977,CA
1977,CA
1977,CA
1977,CA
1977,CA
1977,CA
1977,US
1977,CA
1977,CA
1977,CA
1977,CA
1977,CA
1977,CA
1977,US
1977,CA
1977,CA
1977,CA
1977,CA
1977,US
1977,CA
1977,CA
1977,CA
1977,CA
1977,CA
1977,US
1977,US
1977,CA
1977,CA
1977,CA
1977,CA
1977,CA
1977,CA
1977,CA
1977,CA
1977,US
1977,CA
1977,US
1977,CA
1977,CA
1977,FI
1977,CA
1977,CA
1977,CA
1977,CA
1977,US
1977,CA
1977,CA
1977,CA
1977,US
1977,CA
1977,CA
1977,CA
1977,CA
1977,US
1977,CA
1977,CA
1977,CA
1977,US
1977,CA
1977,CA
1977,US
1977,CA
1977,CA
1977,CA
1977,CA
1977,US
1977,CA
1977,CA
1977,CA
1977,FI
1977,CA
1977,CA
1977,US
1977,SE
1977,US
1977,CA
1977,CA
1977,US
1977,CA
1977,CA
1977,CA
1977,CA
1977,CA
1977,CA
1977,FI
1977,US
1977,CA
1977,CA
1977,CA
1977,US
1977,CA
1977,US
1977,US
1977,CA
1977,US
1977,US
1977,CA
1977,US
1977,CA
1977,SE
1977,US
1977,CA
1977,US
1977,CA
1977,CA
1977,CA
1977,CA
1977,CA
1977,CA
1977,CA
1977,US
1977,CA
1977,US
1977,CA
1977,CA
1977,CA
1977,US
1977,US
1977,CA
1977,CA
1977,CA
1977,CA
1977,CA
1977,CA
1977,CA
1977,CA
1977,CA
1977,CA
1977,US
1977,US
1977,CA
1977,CA
1977,CA
1977,US
1977,CA
1977,US
1977,US
1977,CA
1976,CA
1976,CA
1976,CA
1976,CA
1976,SE
1976,CA
1976,CA
1976,CA
1976,CA
1976,CA
1976,CA
1976,GB
1976,CA
1976,CA
1976,CA
1976,CA
1976,CA
1976,CA
1976,CA
1976,CA
1976,CA
1976,US
1976,CA
1976,CA
1976,CA
1976,CA
1976,CA
1976,CA
1976,CA
1976,CA
1976,CA
1976,CA
1976,CA
1976,CA
1976,CA
1976,CA
1976,US
1976,CA
1976,US
1976,CA
1976,US
1976,CA
1976,CA
1976,CA
1976,SE
1976,CA
1976,CA
1976,CA
1976,CA
1976,CA
1976,CA
1976,CA
1976,US
1976,US
1976,CA
1976,CA
1976,CA
1976,CA
1976,CA
1976,CA
1976,US
1976,CA
1976,US
1976,SE
1976,CA
1976,CA
1976,CA
1976,US
1976,CA
1976,US
1976,CA
1976,CA
1976,CA
1976,CA
1976,US
1976,US
1976,CA
1976,CA
1976,US
1976,CA
1976,CA
1976,CA
1976,CA
1976,CA
1976,CA
1976,CA
1976,CA
1976,CA
1976,CA
1976,CA
1976,CA
1976,CA
1976,US
1976,CA
1976,FI
1976,CA
1976,CA
1976,CA
1976,CA
1976,CA
1976,CA
1976,CA
1976,CA
1976,CA
1976,CA
1976,CA
1976,US
1976,CA
1976,CA
1976,US
1976,CA
1976,CA
1976,US
1976,CA
1976,US
1976,CA
1976,US
1976,CA
1976,CA
1976,CA
1976,CH
1976,CA
1976,CA
1976,US
1976,US
1976,US
1976,CA
1976,US
1976,CA
1976,SE
1976,CA
1976,CA
1976,CA
1976,SE
1976,FI
1975,CA
1975,CA
1975,CA
1975,CA
1975,CA
1975,CA
1975,CA
1975,CA
1975,CA
1975,CA
1975,CA
1975,CA
1975,CA
1975,CA
1975,CA
1975,CA
1975,CA
1975,CA
1975,US
1975,CA
1975,CA
1975,CA
1975,CA
1975,CA
1975,CA
1975,CA
1975,CA
1975,CA
1975,CA
1975,CA
1975,US
1975,CA
1975,CA
1975,CA
1975,CA
1975,CA
1975,CA
1975,CA
1975,CA
1975,CA
1975,CA
1975,CA
1975,US
1975,CA
1975,CA
1975,CA
1975,CA
1975,CA
1975,CA
1975,CA
1975,CA
1975,CA
1975,CA
1975,CA
1975,CA
1975,CA
1975,CA
1975,US
1975,CA
1975,CA
1975,CA
1975,CA
1975,CA
1975,CA
1975,CA
1975,CA
1975,CA
1975,CA
1975,CA
1975,CA
1975,CA
1975,CA
1975,CA
1975,CA
1975,CA
1975,CA
1975,US
1975,CA
1975,CA
1975,PY
1975,CA
1975,CA
1975,CA
1975,CA
1975,CA
1975,CA
1975,CA
1975,CA
1975,CA
1975,US
1975,CA
1975,CA
1975,CA
1975,CA
1975,CA
1975,CA
1975,US
1975,CA
1975,US
1975,CA
1975,CA
1975,US
1975,CA
1975,FI
1975,CA
1975,CA
1975,CA
1975,US
1975,CA
1975,CA
1975,CA
1975,CA
1975,CA
1975,CA
1975,CA
1975,CA
1975,CA
1975,CA
1975,US
1975,CA
1975,CA
1975,CA
1975,CA
1975,US
1975,CA
1975,US
1975,CA
1975,US
1975,CA
1975,CA
1975,US
1975,CA
1975,US
1975,CA
1975,US
1975,CA
1975,US
1975,CA
1975,FI
1975,SE
1975,US
1975,US
1975,CA
1975,CA
1975,CA
1975,CA
1975,CA
1975,CA
1975,CA
1975,CA
1975,US
1975,CA
1975,CA
1975,CA
1975,CA
1975,US
1975,CA
1975,CA
1975,CA
1975,LV
1975,CA
1975,CA
1975,CA
1975,CA
1975,CA
1975,CA
1975,CA
1975,CA
1975,CA
1975,CA
1975,US
1975,US
1975,US
1975,US
1975,CA
1975,US
1975,US
1975,US
1975,CA
1975,CA
1975,US
1975,CA
1975,CA
1975,US
1975,US
1975,US
1975,CA
1975,CA
1975,CA
1975,CA
1975,US
1975,SE
1975,CA
1975,FI
1975,US
1975,CA
1975,CA
1975,CA
1975,CA
1975,US
1975,CA
1975,CA
1975,US
1975,CA
1975,US
1975,US
1975,US
1975,CA
1975,US
1975,CA
1975,US
1975,US
1975,CA
1975,US
1975,CA
1975,CA
1975,CA
1974,CA
1974,CA
1974,CA
1974,CA
1974,CA
1974,CA
1974,CA
1974,CA
1974,CA
1974,VE
1974,US
1974,CA
1974,CA
1974,CA
1974,CA
1974,CA
1974,CA
1974,CA
1974,CA
1974,CA
1974,CA
1974,CA
1974,CA
1974,CA
1974,US
1974,CA
1974,CA
1974,CA
1974,CA
1974,CA
1974,CA
1974,CA
1974,CA
1974,CA
1974,CA
1974,CA
1974,CA
1974,CA
1974,CA
1974,CA
1974,CA
1974,US
1974,US
1974,CA
1974,US
1974,US
1974,CA
1974,US
1974,SE
1974,CA
1974,US
1974,CA
1974,CA
1974,CA
1974,CA
1974,CA
1974,CA
1974,CA
1974,CA
1974,CA
1974,CA
1974,CA
1974,CA
1974,CA
1974,CA
1974,CA
1974,CA
1974,CA
1974,CA
1974,CA
1974,CA
1974,CA
1974,CA
1974,CA
1974,US
1974,CA
1974,CA
1974,CA
1974,CA
1974,CA
1974,US
1974,CA
1974,CA
1974,CA
1974,CA
1974,CA
1974,US
1974,CA
1974,CA
1974,CA
1974,CA
1974,US
1974,US
1974,CA
1974,CA
1974,US
1974,CA
1974,US
1974,US
1974,US
1974,US
1974,CA
1974,CA
1974,CA
1974,CA
1974,CA
1974,CA
1974,CA
1974,CA
1974,CA
1974,US
1974,US
1974,CA
1974,US
1974,CA
1974,CA
1974,US
1974,US
1974,CA
1974,CA
1974,CA
1974,CA
1974,US
1974,CA
1974,CA
1974,CA
1974,CA
1974,CA
1974,CA
1974,CA
1974,SE
1974,CA
1974,CA
1974,CA
1974,CA
1974,CA
1974,CA
1974,CA
1974,CA
1974,CA
1974,CA
1974,US
1974,CA
1974,CA
1974,CA
1974,CA
1974,CA
1974,CA
1974,CA
1974,CA
1974,CA
1974,CA
1974,CA
1974,CA
1974,CA
1974,CA
1974,CA
1974,CA
1974,CA
1974,US
1974,CA
1974,CA
1974,US
1974,CA
1974,US
1974,CA
1974,CA
1974,CA
1974,CA
1974,CA
1974,CA
1974,CA
1974,CA
1974,CA
1974,US
1974,CA
1974,SE
1974,CA
1974,CA
1974,CA
1974,CA
1974,CA
1974,CA
1974,CA
1974,CA
1974,CA
1974,CA
1974,US
1974,CA
1974,SE
1974,CA
1974,CA
1974,CA
1974,CA
1974,CA
1974,CA
1974,CA
1974,CA
1974,CA
1974,CA
1974,CA
1974,CA
1974,CA
1974,CA
1974,CA
1974,US
1974,CA
1974,CA
1974,CA
1974,US
1974,CA
1974,CA
1974,SE
1974,CA
1974,CA
1974,CA
1974,CA
1974,US
1974,CA
1974,US
1974,US
1974,US
1974,CA
1974,CA
1974,CA
1974,CA
1974,CA
1974,US
1974,CA
1974,CA
1974,CA
1974,CA
1974,CA
1974,FI
1974,CA
1974,CA
1974,CA
1974,CA
1974,CA
1974,US
1974,CA
1974,CA
1974,CA
1974,US
1974,CA
1974,CA
1973,CA
1973,CA
1973,CA
1973,CA
1973,CA
1973,CA
1973,CA
1973,CA
1973,CA
1973,CA
1973,CA
1973,CA
1973,CA
1973,CA
1973,CA
1973,CA
1973,CA
1973,CA
1973,CA
1973,CA
1973,CA
1973,CA
1973,CA
1973,CA
1973,CA
1973,CA
1973,CA
1973,CA
1973,CA
1973,CA
1973,CA
1973,CA
1973,CA
1973,CA
1973,GB
1973,CA
1973,CA
1973,CA
1973,CA
1973,CA
1973,CA
1973,CA
1973,CA
1973,CA
1973,CA
1973,CA
1973,CA
1973,CA
1973,CA
1973,US
1973,GB
1973,CA
1973,US
1973,CA
1973,CA
1973,US
1973,CA
1973,CA
1973,CA
1973,CA
1973,CA
1973,CA
1973,CA
1973,CA
1973,CA
1973,CA
1973,US
1973,CA
1973,CA
1973,CA
1973,US
1973,CA
1973,CA
1973,CA
1973,CA
1973,CA
1973,CA
1973,CA
1973,CA
1973,CA
1973,CA
1973,CA
1973,CA
1973,CA
1973,CA
1973,CA
1973,CA
1973,CA
1973,GB
1973,CA
1973,CA
1973,CA
1973,CA
1973,CA
1973,CA
1973,CA
1973,CA
1973,CA
1973,CA
1973,CA
1973,US
1973,CA
1973,CA
1973,CA
1973,CA
1973,CA
1973,CA
1973,US
1973,CA
1973,CA
1973,US
1973,CA
1973,CA
1973,CA
1973,CA
1973,CA
1973,CA
1973,CA
1973,CA
1973,CA
1973,CA
1973,CA
1973,CA
1973,US
1973,CA
1973,CA
1973,CA
1973,CA
1973,CA
1973,CA
1973,CA
1973,CA
1973,CA
1973,CA
1973,CA
1973,CA
1973,CA
1973,CA
1973,CA
1973,US
1973,US
1973,CA
1973,CA
1973,CA
1973,CA
1973,CA
1973,CA
1973,CA
1973,CA
1973,CA
1973,CA
1973,CA
1973,CA
1973,CA
1973,US
1973,CA
1973,CA
1973,CA
1973,CA
1973,CA
1973,CA
1973,CA
1973,US
1973,CA
1973,CA
1973,CA
1973,US
1973,CA
1972,CA
1972,CA
1972,CA
1972,CA
1972,CA
1972,CA
1972,CA
1972,CA
1972,CA
1972,CA
1972,CA
1972,CA
1972,CA
1972,CA
1972,CA
1972,CA
1972,CA
1972,CA
1972,CA
1972,CA
1972,CA
1972,CA
1972,CA
1972,CA
1972,CA
1972,CA
1972,CA
1972,CA
1972,CA
1972,CA
1972,CA
1972,CA
1972,SE
1972,CA
1972,CA
1972,CA
1972,CA
1972,CA
1972,CA
1972,CA
1972,CA
1972,US
1972,CA
1972,CA
1972,CA
1972,CA
1972,CA
1972,CA
1972,CA
1972,CA
1972,CA
1972,CA
1972,CA
1972,CA
1972,CA
1972,CA
1972,CA
1972,CA
1972,CA
1972,CA
1972,US
1972,CA
1972,CA
1972,CA
1972,CA
1972,US
1972,CA
1972,CA
1972,CA
1972,CA
1972,CA
1972,CA
1972,CA
1972,US
1972,CA
1972,US
1972,CA
1972,CA
1972,CA
1972,CA
1972,CA
1972,CA
1972,CA
1972,US
1972,CA
1972,CA
1972,CA
1972,CA
1972,CA
1972,CA
1972,CA
1972,CA
1972,US
1972,CA
1972,CA
1972,CA
1972,CA
1972,CA
1972,CA
1972,CA
1972,CA
1972,CA
1972,CA
1972,CA
1972,CA
1972,CA
1972,CA
1972,CA
1972,CA
1972,CA
1972,CA
1972,GB
1972,CA
1972,CA
1972,CA
1972,CA
1972,CA
1972,CA
1972,CA
1972,CA
1972,CA
1972,CA
1972,CA
1972,US
1972,CA
1972,CA
1972,CA
1972,CA
1972,CA
1972,CA
1972,CA
1972,CA
1972,CA
1972,CA
1972,CA
1972,CA
1972,CA
1972,CA
1972,CA
1972,CA
1972,CA
1972,CA
1972,US
1972,CA
1972,CA
1972,CA
1972,CA
1972,CA
1972,CA
1972,US
1972,CA
1972,US
1971,CA
1971,CA
1971,CA
1971,CA
1971,CA
1971,CA
1971,CA
1971,CA
1971,CA
1971,CA
1971,CA
1971,CA
1971,CA
1971,CA
1971,CA
1971,US
1971,CA
1971,CA
1971,CA
1971,CA
1971,CA
1971,CA
1971,CA
1971,CA
1971,CA
1971,CA
1971,CA
1971,US
1971,CA
1971,CA
1971,CA
1971,US
1971,CA
1971,CA
1971,CA
1971,CA
1971,CA
1971,CA
1971,CA
1971,CA
1971,CA
1971,CA
1971,CA
1971,CA
1971,CA
1971,CA
1971,CA
1971,CA
1971,CA
1971,CA
1971,CA
1971,CA
1971,CA
1971,CA
1971,CA
1971,US
1971,CA
1971,US
1971,CA
1971,CA
1971,CA
1971,CA
1971,CA
1971,CA
1971,CA
1971,CA
1971,CA
1971,US
1971,CA
1971,CA
1971,CA
1971,CA
1971,CA
1971,CA
1971,CA
1971,CA
1971,CA
1971,CA
1971,CA
1971,CA
1971,CA
1971,CA
1971,CA
1971,CA
1971,CA
1971,CA
1971,US
1971,CA
1971,CA
1971,CA
1971,CA
1971,CA
1971,US
1971,CA
1971,CA
1971,CA
1971,CA
1971,CA
1971,CA
1971,CA
1971,CA
1971,CA
1971,CA
1971,CA
1971,CA
1971,CA
1971,CA
1971,CA
1971,CA
1971,CA
1971,FR
1971,CA
1971,US
1971,CA
1971,CA
1971,CA
1971,CA
1970,CA
1970,CA
1970,CA
1970,CA
1970,CA
1970,CA
1970,CA
1970,CA
1970,CA
1970,CA
1970,CA
1970,CA
1970,CA
1970,CA
1970,CA
1970,CA
1970,CA
1970,CA
1970,CA
1970,CA
1970,CA
1970,CA
1970,CA
1970,CA
1970,CA
1970,CA
1970,CA
1970,CA
1970,CA
1970,CA
1970,CA
1970,CA
1970,CA
1970,CA
1970,CA
1970,US
1970,CA
1970,CA
1970,CA
1970,CA
1970,CA
1970,CA
1970,CA
1970,CA
1970,CA
1970,CA
1970,CA
1970,CA
1970,CA
1970,CA
1970,CA
1970,CA
1970,CA
1970,CA
1970,CA
1970,CA
1970,CA
1970,CA
1970,CA
1970,CA
1970,CA
1970,CA
1970,CA
1970,CA
1970,CA
1970,CA
1970,CA
1970,US
1970,CA
1970,CA
1970,CA
1970,CA
1970,CA
1970,CA
1970,CA
1970,CA
1970,CA
1970,CA
1970,CA
1970,CA
1970,US
1970,CA
1970,CA
1970,US
1970,CA
1970,CA
1970,CA
1970,CA
1970,CA
1970,CA
1970,CA
1970,CA
1970,US
1970,CA
1970,CA
1970,CA
1970,CA
1970,CA
1970,CA
1970,CA
1970,CA
1970,CA
1970,CA
1970,CA
1970,CA
1970,CA
1970,CA
1970,CA
1970,CA
1970,CA
1970,US
1970,US
1970,CA
1970,CA
1970,CA
1969,CA
1969,CA
1969,CA
1969,CA
1969,CA
1969,CA
1969,CA
1969,CA
1969,CA
1969,CA
1969,CA
1969,CA
1969,CA
1969,CA
1969,CA
1969,CA
1969,CA
1969,CA
1969,CA
1969,CA
1969,CA
1969,CA
1969,CA
1969,CA
1969,CA
1969,CA
1969,CA
1969,CA
1969,CA
1969,CA
1969,CA
1969,US
1969,CA
1969,CA
1969,CA
1969,CA
1969,CA
1969,CA
1969,CA
1969,CA
1969,CA
1969,CA
1969,CA
1969,CA
1969,CA
1969,CA
1969,CA
1969,CA
1969,CA
1969,CA
1969,CA
1969,CA
1969,CA
1969,CA
1969,CA
1969,CA
1969,US
1969,CA
1969,CA
1969,US
1969,CA
1969,CA
1969,CA
1969,CA
1969,CA
1969,FI
1969,CA
1969,CA
1969,CA
1969,CA
1969,CA
1969,CA
1969,US
1969,CA
1969,CA
1969,CA
1969,CA
1969,CA
1969,CA
1969,CA
1969,CA
1969,CA
1969,CA
1969,CA
1968,CA
1968,CA
1968,CA
1968,CA
1968,CA
1968,CA
1968,CA
1968,CA
1968,CA
1968,CA
1968,CA
1968,CA
1968,CA
1968,CA
1968,CA
1968,US
1968,US
1968,CA
1968,CA
1968,CA
1968,CA
1968,CA
1968,CA
1968,CA
1967,CA
1967,CA
1967,CA
1967,CA
1967,CA
1967,CA
1967,CA
1967,CA
1967,CA
1967,CA
1967,CA
1967,CA
1967,CA
1967,CA
1967,CA
1967,CA
1967,CA
1967,CA
1966,CA
1966,CA
1966,CA
1966,CA
1966,CA
1966,CA
1966,CA
1966,CA
1966,CA
1966,CA
1966,CA
1966,CA
1966,CA
1966,CA
1966,CA
1966,CA
1966,CA
1966,CA
1966,CA
1966,CA
1966,CA
1966,CA
1966,CA
1966,CA
1965,CA
1965,CA
1965,CA
1965,CA
1965,CA
1965,CA
1965,CA
1965,CA
1965,CA
1965,CA
1965,CA
1964,CA
1964,CA
1964,CA
1964,CA
1964,CA
1964,CA
1964,CA
1964,CA
1964,CA
1964,DK
1964,CA
1964,CA
1964,CA
1964,CA
1964,CA
1964,CA
1964,CA
1964,CA
1964,CA
1964,CA
1964,CA
1964,CA
1964,CA
1964,CA
1963,CA
1963,CA
1963,DE
1963,CA
1963,CA
1963,CA
1963,CA
1963,CA
1963,CA
1963,CA
1963,CA
1963,CA
1963,CA
1963,CA
1963,CA
1963,CA
1963,CA
1963,CA
1963,CA
1963,CA
1963,CA
